{"timestamp": 1675040089.3079112, "web": "betstars", "DATA": [{"timestamp": 1675062000, "e1": {"j1": {"nombre": "Su Jeong", "apellido": "Jang", "inicial_nombre": null, "inicial_apellido": null}, "j2": null}, "e2": {"j1": {"nombre": "Katie", "apellido": "Boulter", "inicial_nombre": null, "inicial_apellido": null}, "j2": null}, "odds1": {"numerator": 7, "denominator": 2}, "odds2": {"numerator": 9, "denominator": 7}, "dobles": false}, {"timestamp": 1675062000, "e1": {"j1": {"nombre": "Lesia", "apellido": "Tsurenko", "inicial_nombre": null, "inicial_apellido": null}, "j2": null}, "e2": {"j1": {"nombre": "Ysaline", "apellido": "Bonaventure", "inicial_nombre": null, "inicial_apellido": null}, "j2": null}, "odds1": {"numerator": 31, "denominator": 20}, "odds2": {"numerator": 47, "denominator": 20}, "dobles": false}, {"timestamp": 1675066500, "e1": {"j1": {"nombre": "Xiyu", "apellido": "Wang", "inicial_nombre": null, "inicial_apellido": null}, "j2": null}, "e2": {"j1": {"nombre": "Lin", "apellido": "Zhu", "inicial_nombre": null, "inicial_apellido": null}, "j2": null}, "odds1": {"numerator": 11, "denominator": 5}, "odds2": {"numerator": 21, "denominator": 13}, "dobles": false}, {"timestamp": 1675066500, "e1": {"j1": {"nombre": "Joanne", "apellido": "Zuger", "inicial_nombre": null, "inicial_apellido": null}, "j2": null}, "e2": {"j1": {"nombre": "Xinyu", "apellido": "Wang", "inicial_nombre": null, "inicial_apellido": null}, "j2": null}, "odds1": {"numerator": 4, "denominator": 1}, "odds2": {"numerator": 11, "denominator": 9}, "dobles": false}, {"timestamp": 1675071000, "e1": {"j1": {"nombre": "Tamara", "apellido": "Zidansek", "inicial_nombre": null, "inicial_apellido": null}, "j2": null}, "e2": {"j1": {"nombre": "Astra", "apellido": "Sharma", "inicial_nombre": null, "inicial_apellido": null}, "j2": null}, "odds1": {"numerator": 3, "denominator": 2}, "odds2": {"numerator": 5, "denominator": 2}, "dobles": false}, {"timestamp": 1675078200, "e1": {"j1": {"nombre": "Mirjam", "apellido": "Bjorklund", "inicial_nombre": null, "inicial_apellido": null}, "j2": null}, "e2": {"j1": {"nombre": "Lanlana", "apellido": "Tararudee", "inicial_nombre": null, "inicial_apellido": null}, "j2": null}, "odds1": {"numerator": 23, "denominator": 15}, "odds2": {"numerator": 12, "denominator": 5}, "dobles": false}, {"timestamp": 1675074600, "e1": {"j1": {"nombre": "Mayar", "apellido": "Sherif", "inicial_nombre": null, "inicial_apellido": null}, "j2": null}, "e2": {"j1": {"nombre": "Ana", "apellido": "Konjuh", "inicial_nombre": null, "inicial_apellido": null}, "j2": null}, "odds1": {"numerator": 13, "denominator": 5}, "odds2": {"numerator": 25, "denominator": 17}, "dobles": false}, {"timestamp": 1675074600, "e1": {"j1": {"nombre": "Maryna", "apellido": "Zanevska", "inicial_nombre": null, "inicial_apellido": null}, "j2": null}, "e2": {"j1": {"nombre": "Dalma", "apellido": "Galfi", "inicial_nombre": null, "inicial_apellido": null}, "j2": null}, "odds1": {"numerator": 13, "denominator": 10}, "odds2": {"numerator": 33, "denominator": 10}, "dobles": false}, {"timestamp": 1675079100, "e1": {"j1": {"nombre": "Camila", "apellido": "Osorio", "inicial_nombre": null, "inicial_apellido": null}, "j2": null}, "e2": {"j1": {"nombre": "Alize", "apellido": "Cornet", "inicial_nombre": null, "inicial_apellido": null}, "j2": null}, "odds1": {"numerator": 47, "denominator": 20}, "odds2": {"numerator": 31, "denominator": 20}, "dobles": false}, {"timestamp": 1675079100, "e1": {"j1": {"nombre": "Marina Bassols", "apellido": "Ribera", "inicial_nombre": null, "inicial_apellido": null}, "j2": null}, "e2": {"j1": {"nombre": "Anastasia", "apellido": "Potapova", "inicial_nombre": null, "inicial_apellido": null}, "j2": null}, "odds1": {"numerator": 31, "denominator": 10}, "odds2": {"numerator": 4, "denominator": 3}, "dobles": false}, {"timestamp": 1675083600, "e1": {"j1": {"nombre": "Garbine", "apellido": "Muguruza", "inicial_nombre": null, "inicial_apellido": null}, "j2": null}, "e2": {"j1": {"nombre": "Linda", "apellido": "Noskova", "inicial_nombre": null, "inicial_apellido": null}, "j2": null}, "odds1": {"numerator": 12, "denominator": 5}, "odds2": {"numerator": 23, "denominator": 15}, "dobles": false}, {"timestamp": 1675096200, "e1": {"j1": {"nombre": "Petra", "apellido": "Martic", "inicial_nombre": null, "inicial_apellido": null}, "j2": null}, "e2": {"j1": {"nombre": "Kristina", "apellido": "Mladenovic", "inicial_nombre": null, "inicial_apellido": null}, "j2": null}, "odds1": {"numerator": 4, "denominator": 3}, "odds2": {"numerator": 31, "denominator": 10}, "dobles": false}, {"timestamp": 1675100700, "e1": {"j1": {"nombre": "Jule", "apellido": "Niemeier", "inicial_nombre": null, "inicial_apellido": null}, "j2": null}, "e2": {"j1": {"nombre": "Olga", "apellido": "Danilovic", "inicial_nombre": null, "inicial_apellido": null}, "j2": null}, "odds1": {"numerator": 3, "denominator": 2}, "odds2": {"numerator": 5, "denominator": 2}, "dobles": false}, {"timestamp": 1675033200, "e1": {"j1": {"nombre": "Brandon", "apellido": "Walkin", "inicial_nombre": null, "inicial_apellido": null}, "j2": null}, "e2": {"j1": {"nombre": "Edward", "apellido": "Winter", "inicial_nombre": null, "inicial_apellido": null}, "j2": null}, "odds1": {"numerator": 8, "denominator": 5}, "odds2": {"numerator": 43, "denominator": 20}, "dobles": false}, {"timestamp": 1675041000, "e1": {"j1": {"nombre": "Matthew Christopher", "apellido": "Romios", "inicial_nombre": null, "inicial_apellido": null}, "j2": null}, "e2": {"j1": {"nombre": "Calum", "apellido": "Puttergill", "inicial_nombre": null, "inicial_apellido": null}, "j2": null}, "odds1": {"numerator": 31, "denominator": 10}, "odds2": {"numerator": 4, "denominator": 3}, "dobles": false}, {"timestamp": 1675041900, "e1": {"j1": {"nombre": "Jake", "apellido": "Delaney", "inicial_nombre": null, "inicial_apellido": null}, "j2": null}, "e2": {"j1": {"nombre": "Corey", "apellido": "Gaal", "inicial_nombre": null, "inicial_apellido": null}, "j2": null}, "odds1": {"numerator": 7, "denominator": 4}, "odds2": {"numerator": 2, "denominator": 1}, "dobles": false}, {"timestamp": 1675047600, "e1": {"j1": {"nombre": "Yuki", "apellido": "Mochizuki", "inicial_nombre": null, "inicial_apellido": null}, "j2": null}, "e2": {"j1": {"nombre": "Adam", "apellido": "Walton", "inicial_nombre": null, "inicial_apellido": null}, "j2": null}, "odds1": {"numerator": 7, "denominator": 2}, "odds2": {"numerator": 9, "denominator": 7}, "dobles": false}, {"timestamp": 1675047600, "e1": {"j1": {"nombre": "Dane", "apellido": "Sweeny", "inicial_nombre": null, "inicial_apellido": null}, "j2": null}, "e2": {"j1": {"nombre": "Shuichi", "apellido": "Sekiguchi", "inicial_nombre": null, "inicial_apellido": null}, "j2": null}, "odds1": {"numerator": 5, "denominator": 4}, "odds2": {"numerator": 15, "denominator": 4}, "dobles": false}, {"timestamp": 1675047600, "e1": {"j1": {"nombre": "Rio", "apellido": "Noguchi", "inicial_nombre": null, "inicial_apellido": null}, "j2": null}, "e2": {"j1": {"nombre": "Tristan", "apellido": "Schoolkate", "inicial_nombre": null, "inicial_apellido": null}, "j2": null}, "odds1": {"numerator": 29, "denominator": 10}, "odds2": {"numerator": 7, "denominator": 5}, "dobles": false}, {"timestamp": 1675047600, "e1": {"j1": {"nombre": "Thomas", "apellido": "Fancutt", "inicial_nombre": null, "inicial_apellido": null}, "j2": null}, "e2": {"j1": {"nombre": "Yasutaka", "apellido": "Uchiyama", "inicial_nombre": null, "inicial_apellido": null}, "j2": null}, "odds1": {"numerator": 21, "denominator": 5}, "odds2": {"numerator": 6, "denominator": 5}, "dobles": false}, {"timestamp": 1675052400, "e1": {"j1": {"nombre": "Yuta", "apellido": "Shimizu", "inicial_nombre": null, "inicial_apellido": null}, "j2": null}, "e2": {"j1": {"nombre": "Maxime", "apellido": "Chazal", "inicial_nombre": null, "inicial_apellido": null}, "j2": null}, "odds1": {"numerator": 25, "denominator": 17}, "odds2": {"numerator": 13, "denominator": 5}, "dobles": false}, {"timestamp": 1675060200, "e1": {"j1": {"nombre": "Alex", "apellido": "Bolt", "inicial_nombre": null, "inicial_apellido": null}, "j2": null}, "e2": {"j1": {"nombre": "Max", "apellido": "Purcell", "inicial_nombre": null, "inicial_apellido": null}, "j2": null}, "odds1": {"numerator": 33, "denominator": 10}, "odds2": {"numerator": 13, "denominator": 10}, "dobles": false}, {"timestamp": 1675038000, "e1": {"j1": {"nombre": "Joshua", "apellido": "Sheehy", "inicial_nombre": null, "inicial_apellido": null}, "j2": null}, "e2": {"j1": {"nombre": "Alfredo", "apellido": "Perez", "inicial_nombre": null, "inicial_apellido": null}, "j2": null}, "odds1": {"numerator": 6, "denominator": 1}, "odds2": {"numerator": 15, "denominator": 14}, "dobles": false}, {"timestamp": 1675072800, "e1": {"j1": {"nombre": "Johannes", "apellido": "Haerteis", "inicial_nombre": null, "inicial_apellido": null}, "j2": null}, "e2": {"j1": {"nombre": "Jeremy", "apellido": "Jahn", "inicial_nombre": null, "inicial_apellido": null}, "j2": null}, "odds1": {"numerator": 41, "denominator": 20}, "odds2": {"numerator": 19, "denominator": 11}, "dobles": false}, {"timestamp": 1675072800, "e1": {"j1": {"nombre": "Giovanni", "apellido": "Oradini", "inicial_nombre": null, "inicial_apellido": null}, "j2": null}, "e2": {"j1": {"nombre": "Mats", "apellido": "Rosenkranz", "inicial_nombre": null, "inicial_apellido": null}, "j2": null}, "odds1": {"numerator": 23, "denominator": 10}, "odds2": {"numerator": 11, "denominator": 7}, "dobles": false}, {"timestamp": 1675077600, "e1": {"j1": {"nombre": "Egor", "apellido": "Gerasimov", "inicial_nombre": null, "inicial_apellido": null}, "j2": null}, "e2": {"j1": {"nombre": "Denis", "apellido": "Yevseyev", "inicial_nombre": null, "inicial_apellido": null}, "j2": null}, "odds1": {"numerator": 13, "denominator": 10}, "odds2": {"numerator": 33, "denominator": 10}, "dobles": false}, {"timestamp": 1675082400, "e1": {"j1": {"nombre": "Kenny De", "apellido": "Schepper", "inicial_nombre": null, "inicial_apellido": null}, "j2": null}, "e2": {"j1": {"nombre": "Alexey", "apellido": "Vatutin", "inicial_nombre": null, "inicial_apellido": null}, "j2": null}, "odds1": {"numerator": 11, "denominator": 7}, "odds2": {"numerator": 23, "denominator": 10}, "dobles": false}, {"timestamp": 1675082400, "e1": {"j1": {"nombre": "Antoine", "apellido": "Hoang", "inicial_nombre": null, "inicial_apellido": null}, "j2": null}, "e2": {"j1": {"nombre": "Florian", "apellido": "Broska", "inicial_nombre": null, "inicial_apellido": null}, "j2": null}, "odds1": {"numerator": 21, "denominator": 13}, "odds2": {"numerator": 11, "denominator": 5}, "dobles": false}, {"timestamp": 1675087200, "e1": {"j1": {"nombre": "Raphael", "apellido": "Collignon", "inicial_nombre": null, "inicial_apellido": null}, "j2": null}, "e2": {"j1": {"nombre": "Gijs", "apellido": "Brouwer", "inicial_nombre": null, "inicial_apellido": null}, "j2": null}, "odds1": {"numerator": 5, "denominator": 2}, "odds2": {"numerator": 3, "denominator": 2}, "dobles": false}, {"timestamp": 1675087200, "e1": {"j1": {"nombre": "Alexandre", "apellido": "Muller", "inicial_nombre": null, "inicial_apellido": null}, "j2": null}, "e2": {"j1": {"nombre": "Max Hans", "apellido": "Rehberg", "inicial_nombre": null, "inicial_apellido": null}, "j2": null}, "odds1": {"numerator": 3, "denominator": 2}, "odds2": {"numerator": 5, "denominator": 2}, "dobles": false}, {"timestamp": 1675092000, "e1": {"j1": {"nombre": "Hugo", "apellido": "Grenier", "inicial_nombre": null, "inicial_apellido": null}, "j2": null}, "e2": {"j1": {"nombre": "Lucas", "apellido": "Gerch", "inicial_nombre": null, "inicial_apellido": null}, "j2": null}, "odds1": {"numerator": 23, "denominator": 15}, "odds2": {"numerator": 12, "denominator": 5}, "dobles": false}, {"timestamp": 1675096800, "e1": {"j1": {"nombre": "Antoine", "apellido": "Bellier", "inicial_nombre": null, "inicial_apellido": null}, "j2": null}, "e2": {"j1": {"nombre": "Zdenek", "apellido": "Kolar", "inicial_nombre": null, "inicial_apellido": null}, "j2": null}, "odds1": {"numerator": 31, "denominator": 20}, "odds2": {"numerator": 47, "denominator": 20}, "dobles": false}, {"timestamp": 1675098000, "e1": {"j1": {"nombre": "Henri", "apellido": "Squire", "inicial_nombre": null, "inicial_apellido": null}, "j2": null}, "e2": {"j1": {"nombre": "Zhizhen", "apellido": "Zhang", "inicial_nombre": null, "inicial_apellido": null}, "j2": null}, "odds1": {"numerator": 3, "denominator": 1}, "odds2": {"numerator": 15, "denominator": 11}, "dobles": false}, {"timestamp": 1675102800, "e1": {"j1": {"nombre": "Robin", "apellido": "Haase", "inicial_nombre": null, "inicial_apellido": null}, "j2": null}, "e2": {"j1": {"nombre": "Liam", "apellido": "Broady", "inicial_nombre": null, "inicial_apellido": null}, "j2": null}, "odds1": {"numerator": 21, "denominator": 8}, "odds2": {"numerator": 13, "denominator": 9}, "dobles": false}, {"timestamp": 1675072800, "e1": {"j1": {"nombre": "Alejandro Moro", "apellido": "Canas", "inicial_nombre": null, "inicial_apellido": null}, "j2": null}, "e2": {"j1": {"nombre": "Alvaro Lopez San", "apellido": "Martin", "inicial_nombre": null, "inicial_apellido": null}, "j2": null}, "odds1": {"numerator": 31, "denominator": 20}, "odds2": {"numerator": 47, "denominator": 20}, "dobles": false}, {"timestamp": 1675072800, "e1": {"j1": {"nombre": "Gian Marco", "apellido": "Moroni", "inicial_nombre": null, "inicial_apellido": null}, "j2": null}, "e2": {"j1": {"nombre": "Lorenzo", "apellido": "Giustino", "inicial_nombre": null, "inicial_apellido": null}, "j2": null}, "odds1": {"numerator": 43, "denominator": 20}, "odds2": {"numerator": 33, "denominator": 20}, "dobles": false}, {"timestamp": 1675072800, "e1": {"j1": {"nombre": "Stefano", "apellido": "Travaglia", "inicial_nombre": null, "inicial_apellido": null}, "j2": null}, "e2": {"j1": {"nombre": "Matteo", "apellido": "Gigante", "inicial_nombre": null, "inicial_apellido": null}, "j2": null}, "odds1": {"numerator": 43, "denominator": 20}, "odds2": {"numerator": 33, "denominator": 20}, "dobles": false}, {"timestamp": 1675077600, "e1": {"j1": {"nombre": "Valentin", "apellido": "Royer", "inicial_nombre": null, "inicial_apellido": null}, "j2": null}, "e2": {"j1": {"nombre": "Bu", "apellido": "Yunchaokete", "inicial_nombre": null, "inicial_apellido": null}, "j2": null}, "odds1": {"numerator": 19, "denominator": 11}, "odds2": {"numerator": 41, "denominator": 20}, "dobles": false}, {"timestamp": 1675077600, "e1": {"j1": {"nombre": "Daniel", "apellido": "Cox", "inicial_nombre": null, "inicial_apellido": null}, "j2": null}, "e2": {"j1": {"nombre": "Christian", "apellido": "Harrison", "inicial_nombre": null, "inicial_apellido": null}, "j2": null}, "odds1": {"numerator": 5, "denominator": 2}, "odds2": {"numerator": 3, "denominator": 2}, "dobles": false}, {"timestamp": 1675077600, "e1": {"j1": {"nombre": "Shintaro", "apellido": "Mochizuki", "inicial_nombre": null, "inicial_apellido": null}, "j2": null}, "e2": {"j1": {"nombre": "Miguel", "apellido": "Damas", "inicial_nombre": null, "inicial_apellido": null}, "j2": null}, "odds1": {"numerator": 13, "denominator": 9}, "odds2": {"numerator": 21, "denominator": 8}, "dobles": false}, {"timestamp": 1675082400, "e1": {"j1": {"nombre": "Filip", "apellido": "Misolic", "inicial_nombre": null, "inicial_apellido": null}, "j2": null}, "e2": {"j1": {"nombre": "Cedrik-Marcel", "apellido": "Stebe", "inicial_nombre": null, "inicial_apellido": null}, "j2": null}, "odds1": {"numerator": 7, "denominator": 4}, "odds2": {"numerator": 2, "denominator": 1}, "dobles": false}, {"timestamp": 1675082400, "e1": {"j1": {"nombre": "Lloyd", "apellido": "Harris", "inicial_nombre": null, "inicial_apellido": null}, "j2": null}, "e2": {"j1": {"nombre": "Ivan", "apellido": "Gakhov", "inicial_nombre": null, "inicial_apellido": null}, "j2": null}, "odds1": {"numerator": 10, "denominator": 9}, "odds2": {"numerator": 6, "denominator": 1}, "dobles": false}, {"timestamp": 1675087200, "e1": {"j1": {"nombre": "Salvatore", "apellido": "Caruso", "inicial_nombre": null, "inicial_apellido": null}, "j2": null}, "e2": {"j1": {"nombre": "Nicolas Alvarez", "apellido": "Varona", "inicial_nombre": null, "inicial_apellido": null}, "j2": null}, "odds1": {"numerator": 2, "denominator": 1}, "odds2": {"numerator": 7, "denominator": 4}, "dobles": false}, {"timestamp": 1675098000, "e1": {"j1": {"nombre": "Benoit", "apellido": "Paire", "inicial_nombre": null, "inicial_apellido": null}, "j2": null}, "e2": {"j1": {"nombre": "Santiago Rodriguez", "apellido": "Taverna", "inicial_nombre": null, "inicial_apellido": null}, "j2": null}, "odds1": {"numerator": 3, "denominator": 2}, "odds2": {"numerator": 5, "denominator": 2}, "dobles": false}, {"timestamp": 1675092600, "e1": {"j1": {"nombre": "Kate", "apellido": "Mansfield", "inicial_nombre": null, "inicial_apellido": null}, "j2": null}, "e2": {"j1": {"nombre": "Arina Gabriela", "apellido": "Vasilescu", "inicial_nombre": null, "inicial_apellido": null}, "j2": null}, "odds1": {"numerator": 17, "denominator": 2}, "odds2": {"numerator": 21, "denominator": 20}, "dobles": false}, {"timestamp": 1675076400, "e1": {"j1": {"nombre": "Michael", "apellido": "Shaw", "inicial_nombre": null, "inicial_apellido": null}, "j2": null}, "e2": {"j1": {"nombre": "Hamish", "apellido": "Stewart", "inicial_nombre": null, "inicial_apellido": null}, "j2": null}, "odds1": {"numerator": 37, "denominator": 10}, "odds2": {"numerator": 5, "denominator": 4}, "dobles": false}, {"timestamp": 1675076400, "e1": {"j1": {"nombre": "Yujiro", "apellido": "Onuma", "inicial_nombre": null, "inicial_apellido": null}, "j2": null}, "e2": {"j1": {"nombre": "Toby", "apellido": "Martin", "inicial_nombre": null, "inicial_apellido": null}, "j2": null}, "odds1": {"numerator": 11, "denominator": 5}, "odds2": {"numerator": 21, "denominator": 13}, "dobles": false}, {"timestamp": 1675087200, "e1": {"j1": {"nombre": "Ying", "apellido": "Hou", "inicial_nombre": null, "inicial_apellido": null}, "j2": null}, "e2": {"j1": {"nombre": "Alexis", "apellido": "Canter", "inicial_nombre": null, "inicial_apellido": null}, "j2": null}, "odds1": {"numerator": 6, "denominator": 1}, "odds2": {"numerator": 10, "denominator": 9}, "dobles": false}, {"timestamp": 1675087200, "e1": {"j1": {"nombre": "David", "apellido": "Quayle", "inicial_nombre": null, "inicial_apellido": null}, "j2": null}, "e2": {"j1": {"nombre": "Ivan", "apellido": "Denisov", "inicial_nombre": null, "inicial_apellido": null}, "j2": null}, "odds1": {"numerator": 13, "denominator": 5}, "odds2": {"numerator": 25, "denominator": 17}, "dobles": false}, {"timestamp": 1675072800, "e1": {"j1": {"nombre": "Emeline", "apellido": "Dartron", "inicial_nombre": null, "inicial_apellido": null}, "j2": null}, "e2": {"j1": {"nombre": "Julia", "apellido": "Middendorf", "inicial_nombre": null, "inicial_apellido": null}, "j2": null}, "odds1": {"numerator": 17, "denominator": 10}, "odds2": {"numerator": 41, "denominator": 20}, "dobles": false}, {"timestamp": 1675072800, "e1": {"j1": {"nombre": "Marie", "apellido": "Villet", "inicial_nombre": null, "inicial_apellido": null}, "j2": null}, "e2": {"j1": {"nombre": "Susan", "apellido": "Bandecchi", "inicial_nombre": null, "inicial_apellido": null}, "j2": null}, "odds1": {"numerator": 8, "denominator": 1}, "odds2": {"numerator": 21, "denominator": 20}, "dobles": false}, {"timestamp": 1675078200, "e1": {"j1": {"nombre": "Arlinda", "apellido": "Rushiti", "inicial_nombre": null, "inicial_apellido": null}, "j2": null}, "e2": {"j1": {"nombre": "Alice", "apellido": "Robbe", "inicial_nombre": null, "inicial_apellido": null}, "j2": null}, "odds1": {"numerator": 3, "denominator": 1}, "odds2": {"numerator": 4, "denominator": 3}, "dobles": false}, {"timestamp": 1675078200, "e1": {"j1": {"nombre": "Daniela", "apellido": "Seguel", "inicial_nombre": null, "inicial_apellido": null}, "j2": null}, "e2": {"j1": {"nombre": "Lucie Nguyen", "apellido": "Tan", "inicial_nombre": null, "inicial_apellido": null}, "j2": null}, "odds1": {"numerator": 2, "denominator": 1}, "odds2": {"numerator": 7, "denominator": 4}, "dobles": false}, {"timestamp": 1675083600, "e1": {"j1": {"nombre": null, "apellido": "Bogdan", "inicial_nombre": "A", "inicial_apellido": null}, "j2": {"nombre": null, "apellido": "Kovinic", "inicial_nombre": "D", "inicial_apellido": null}}, "e2": {"j1": {"nombre": null, "apellido": "Brengle", "inicial_nombre": "M", "inicial_apellido": null}, "j2": {"nombre": null, "apellido": "Hesse", "inicial_nombre": "A", "inicial_apellido": null}}, "odds1": {"numerator": 33, "denominator": 20}, "odds2": {"numerator": 43, "denominator": 20}, "dobles": true}, {"timestamp": 1675092600, "e1": {"j1": {"nombre": null, "apellido": "Barnett", "inicial_nombre": "A", "inicial_apellido": null}, "j2": {"nombre": null, "apellido": "Dzalamidze", "inicial_nombre": "N", "inicial_apellido": null}}, "e2": {"j1": {"nombre": null, "apellido": "Detiuc", "inicial_nombre": "A", "inicial_apellido": null}, "j2": {"nombre": null, "apellido": "Maleckova", "inicial_nombre": "J", "inicial_apellido": null}}, "odds1": {"numerator": 21, "denominator": 13}, "odds2": {"numerator": 11, "denominator": 5}, "dobles": true}, {"timestamp": 1675062000, "e1": {"j1": {"nombre": null, "apellido": "Hibino", "inicial_nombre": "N", "inicial_apellido": null}, "j2": {"nombre": null, "apellido": "Khromacheva", "inicial_nombre": "I", "inicial_apellido": null}}, "e2": {"j1": {"nombre": null, "apellido": "Chan", "inicial_nombre": "L", "inicial_apellido": null}, "j2": {"nombre": null, "apellido": "Guarachi", "inicial_nombre": "A", "inicial_apellido": null}}, "odds1": {"numerator": 5, "denominator": 2}, "odds2": {"numerator": 3, "denominator": 2}, "dobles": true}, {"timestamp": 1675066500, "e1": {"j1": {"nombre": null, "apellido": "Dart", "inicial_nombre": "H", "inicial_apellido": null}, "j2": {"nombre": null, "apellido": "Watson", "inicial_nombre": "H", "inicial_apellido": null}}, "e2": {"j1": {"nombre": null, "apellido": "Kumkhum", "inicial_nombre": "L", "inicial_apellido": null}, "j2": {"nombre": null, "apellido": "Plipuech", "inicial_nombre": "P", "inicial_apellido": null}}, "odds1": {"numerator": 4, "denominator": 3}, "odds2": {"numerator": 31, "denominator": 10}, "dobles": true}, {"timestamp": 1675071000, "e1": {"j1": {"nombre": null, "apellido": "Kato", "inicial_nombre": "M", "inicial_apellido": null}, "j2": {"nombre": null, "apellido": "Sutjiadi", "inicial_nombre": "A", "inicial_apellido": null}}, "e2": {"j1": {"nombre": null, "apellido": "Fruhvirtova", "inicial_nombre": "L", "inicial_apellido": null}, "j2": {"nombre": null, "apellido": "Kalinskaya", "inicial_nombre": "A", "inicial_apellido": null}}, "odds1": {"numerator": 11, "denominator": 7}, "odds2": {"numerator": 23, "denominator": 10}, "dobles": true}, {"timestamp": 1675094400, "e1": {"j1": {"nombre": "Julia", "apellido": "Riera", "inicial_nombre": null, "inicial_apellido": null}, "j2": null}, "e2": {"j1": {"nombre": "Nuria", "apellido": "Brancaccio", "inicial_nombre": null, "inicial_apellido": null}, "j2": null}, "odds1": {"numerator": 12, "denominator": 5}, "odds2": {"numerator": 23, "denominator": 15}, "dobles": false}, {"timestamp": 1675094400, "e1": {"j1": {"nombre": "Paula", "apellido": "Ormaechea", "inicial_nombre": null, "inicial_apellido": null}, "j2": null}, "e2": {"j1": {"nombre": "Weronika", "apellido": "Falkowska", "inicial_nombre": null, "inicial_apellido": null}, "j2": null}, "odds1": {"numerator": 9, "denominator": 7}, "odds2": {"numerator": 7, "denominator": 2}, "dobles": false}, {"timestamp": 1675099800, "e1": {"j1": {"nombre": "Fernanda Contreras", "apellido": "Gomez", "inicial_nombre": null, "inicial_apellido": null}, "j2": null}, "e2": {"j1": {"nombre": "Marine", "apellido": "Partaud", "inicial_nombre": null, "inicial_apellido": null}, "j2": null}, "odds1": {"numerator": 13, "denominator": 10}, "odds2": {"numerator": 33, "denominator": 10}, "dobles": false}, {"timestamp": 1675103400, "e1": {"j1": {"nombre": "Quinn", "apellido": "Gleason", "inicial_nombre": null, "inicial_apellido": null}, "j2": null}, "e2": {"j1": {"nombre": "Raluca Georgiana", "apellido": "Serban", "inicial_nombre": null, "inicial_apellido": null}, "j2": null}, "odds1": {"numerator": 33, "denominator": 10}, "odds2": {"numerator": 13, "denominator": 10}, "dobles": false}]}