{"timestamp": 1675040091.5683725, "web": "bwin", "DATA": [{"timestamp": 1675033320, "e1": {"j1": {"nombre": "T. E", "apellido": "Papac", "inicial_nombre": null, "inicial_apellido": null}, "j2": null}, "e2": {"j1": {"nombre": null, "apellido": "Camus", "inicial_nombre": "C", "inicial_apellido": null}, "j2": null}, "odds1": {"numerator": 33, "denominator": 4}, "odds2": {"numerator": 103, "denominator": 100}, "dobles": false}, {"timestamp": 1675033440, "e1": {"j1": {"nombre": null, "apellido": "Winter", "inicial_nombre": "E", "inicial_apellido": null}, "j2": null}, "e2": {"j1": {"nombre": null, "apellido": "Walkin", "inicial_nombre": "B", "inicial_apellido": null}, "j2": null}, "odds1": {"numerator": 43, "denominator": 20}, "odds2": {"numerator": 8, "denominator": 5}, "dobles": false}, {"timestamp": 1675033620, "e1": {"j1": {"nombre": null, "apellido": "Daubnerova", "inicial_nombre": "N", "inicial_apellido": null}, "j2": null}, "e2": {"j1": {"nombre": null, "apellido": "Smith", "inicial_nombre": "A", "inicial_apellido": null}, "j2": null}, "odds1": {"numerator": 61, "denominator": 50}, "odds2": {"numerator": 18, "denominator": 5}, "dobles": false}, {"timestamp": 1675038060, "e1": {"j1": {"nombre": null, "apellido": "Sawayanagi", "inicial_nombre": "R", "inicial_apellido": null}, "j2": null}, "e2": {"j1": {"nombre": null, "apellido": "Micic", "inicial_nombre": "E", "inicial_apellido": null}, "j2": null}, "odds1": {"numerator": 101, "denominator": 100}, "odds2": {"numerator": 39, "denominator": 4}, "dobles": false}, {"timestamp": 1675038420, "e1": {"j1": {"nombre": null, "apellido": "Bains", "inicial_nombre": "R", "inicial_apellido": null}, "j2": null}, "e2": {"j1": {"nombre": null, "apellido": "Bajagic", "inicial_nombre": "T", "inicial_apellido": null}, "j2": null}, "odds1": {"numerator": 27, "denominator": 20}, "odds2": {"numerator": 14, "denominator": 5}, "dobles": false}, {"timestamp": 1675061100, "e1": {"j1": {"nombre": null, "apellido": "Purcell", "inicial_nombre": "M", "inicial_apellido": null}, "j2": null}, "e2": {"j1": {"nombre": null, "apellido": "Bolt", "inicial_nombre": "A", "inicial_apellido": null}, "j2": null}, "odds1": {"numerator": 7, "denominator": 5}, "odds2": {"numerator": 27, "denominator": 10}, "dobles": false}, {"timestamp": 1675062900, "e1": {"j1": {"nombre": null, "apellido": "Boulter", "inicial_nombre": "K", "inicial_apellido": null}, "j2": null}, "e2": {"j1": {"nombre": "Su Jeong", "apellido": "Jang", "inicial_nombre": null, "inicial_apellido": null}, "j2": null}, "odds1": {"numerator": 5, "denominator": 4}, "odds2": {"numerator": 19, "denominator": 5}, "dobles": false}, {"timestamp": 1675062900, "e1": {"j1": {"nombre": null, "apellido": "Bonaventure", "inicial_nombre": "Y", "inicial_apellido": null}, "j2": null}, "e2": {"j1": {"nombre": null, "apellido": "Tsurenko", "inicial_nombre": "L", "inicial_apellido": null}, "j2": null}, "odds1": {"numerator": 47, "denominator": 20}, "odds2": {"numerator": 157, "denominator": 100}, "dobles": false}, {"timestamp": 1675070100, "e1": {"j1": {"nombre": "Lin", "apellido": "Zhu", "inicial_nombre": null, "inicial_apellido": null}, "j2": null}, "e2": {"j1": {"nombre": "Xiyu", "apellido": "Wang", "inicial_nombre": null, "inicial_apellido": null}, "j2": null}, "odds1": {"numerator": 33, "denominator": 20}, "odds2": {"numerator": 11, "denominator": 5}, "dobles": false}, {"timestamp": 1675082700, "e1": {"j1": {"nombre": null, "apellido": "Cornet", "inicial_nombre": "A", "inicial_apellido": null}, "j2": null}, "e2": {"j1": {"nombre": "M. C", "apellido": "Osorio", "inicial_nombre": null, "inicial_apellido": null}, "j2": null}, "odds1": {"numerator": 8, "denominator": 5}, "odds2": {"numerator": 229, "denominator": 100}, "dobles": false}, {"timestamp": 1675097100, "e1": {"j1": {"nombre": null, "apellido": "Mladenovic", "inicial_nombre": "K", "inicial_apellido": null}, "j2": null}, "e2": {"j1": {"nombre": null, "apellido": "Martic", "inicial_nombre": "P", "inicial_apellido": null}, "j2": null}, "odds1": {"numerator": 16, "denominator": 5}, "odds2": {"numerator": 67, "denominator": 50}, "dobles": false}, {"timestamp": 1675134000, "e1": {"j1": {"nombre": "A. K", "apellido": "Schmiedlova", "inicial_nombre": null, "inicial_apellido": null}, "j2": null}, "e2": {"j1": {"nombre": null, "apellido": "Zakharova", "inicial_nombre": "A", "inicial_apellido": null}, "j2": null}, "odds1": {"numerator": 153, "denominator": 100}, "odds2": {"numerator": 49, "denominator": 20}, "dobles": false}, {"timestamp": 1675134000, "e1": {"j1": {"nombre": null, "apellido": "Andreescu", "inicial_nombre": "B", "inicial_apellido": null}, "j2": null}, "e2": {"j1": {"nombre": null, "apellido": "Dart", "inicial_nombre": "H", "inicial_apellido": null}, "j2": null}, "odds1": {"numerator": 23, "denominator": 20}, "odds2": {"numerator": 5, "denominator": 1}, "dobles": false}, {"timestamp": 1675134000, "e1": {"j1": {"nombre": null, "apellido": "Fruhvirtova", "inicial_nombre": "L", "inicial_apellido": null}, "j2": null}, "e2": {"j1": {"nombre": null, "apellido": "Mattek-Sands", "inicial_nombre": "B", "inicial_apellido": null}, "j2": null}, "odds1": {"numerator": 11, "denominator": 10}, "odds2": {"numerator": 27, "denominator": 4}, "dobles": false}, {"timestamp": 1675155600, "e1": {"j1": {"nombre": null, "apellido": "Garcia", "inicial_nombre": "C", "inicial_apellido": null}, "j2": null}, "e2": {"j1": {"nombre": null, "apellido": "Martincova", "inicial_nombre": "T", "inicial_apellido": null}, "j2": null}, "odds1": {"numerator": 23, "denominator": 20}, "odds2": {"numerator": 5, "denominator": 1}, "dobles": false}]}