{"timestamp": 1675040091.9932003, "web": "leovegas", "DATA": [{"timestamp": null, "e1": {"j1": {"nombre": "Alfredo", "apellido": "Perez", "inicial_nombre": null, "inicial_apellido": null}, "j2": null}, "e2": {"j1": {"nombre": "Joshua", "apellido": "Sheehy", "inicial_nombre": null, "inicial_apellido": null}, "j2": null}, "odds1": {"numerator": 26, "denominator": 25}, "odds2": {"numerator": 8, "denominator": 1}, "dobles": false}, {"timestamp": 1675062000, "e1": {"j1": {"nombre": "Chan", "apellido": "Latisha", "inicial_nombre": null, "inicial_apellido": null}, "j2": {"nombre": null, "apellido": "Guarachi", "inicial_nombre": "A", "inicial_apellido": null}}, "e2": {"j1": {"nombre": null, "apellido": "Hibino", "inicial_nombre": "N", "inicial_apellido": null}, "j2": {"nombre": null, "apellido": "Khromacheva", "inicial_nombre": "I", "inicial_apellido": null}}, "odds1": {"numerator": 13, "denominator": 9}, "odds2": {"numerator": 13, "denominator": 5}, "dobles": false}, {"timestamp": 1675066500, "e1": {"j1": {"nombre": null, "apellido": "Kumkhum", "inicial_nombre": "L", "inicial_apellido": null}, "j2": {"nombre": null, "apellido": "Plipuech", "inicial_nombre": "P", "inicial_apellido": null}}, "e2": {"j1": {"nombre": null, "apellido": "Dart", "inicial_nombre": "H", "inicial_apellido": null}, "j2": {"nombre": null, "apellido": "Watson", "inicial_nombre": "H", "inicial_apellido": null}}, "odds1": {"numerator": 63, "denominator": 20}, "odds2": {"numerator": 4, "denominator": 3}, "dobles": false}, {"timestamp": 1675074600, "e1": {"j1": {"nombre": "Dalma", "apellido": "Galfi", "inicial_nombre": null, "inicial_apellido": null}, "j2": null}, "e2": {"j1": {"nombre": "Maryna", "apellido": "Zanevska", "inicial_nombre": null, "inicial_apellido": null}, "j2": null}, "odds1": {"numerator": 7, "denominator": 2}, "odds2": {"numerator": 13, "denominator": 10}, "dobles": false}, {"timestamp": 1675074600, "e1": {"j1": {"nombre": "Ana", "apellido": "Konjuh", "inicial_nombre": null, "inicial_apellido": null}, "j2": null}, "e2": {"j1": {"nombre": "Mayar", "apellido": "Sherif", "inicial_nombre": null, "inicial_apellido": null}, "j2": null}, "odds1": {"numerator": 71, "denominator": 50}, "odds2": {"numerator": 57, "denominator": 20}, "dobles": false}, {"timestamp": 1675079100, "e1": {"j1": {"nombre": "Aliz\u00e9", "apellido": "Cornet", "inicial_nombre": null, "inicial_apellido": null}, "j2": null}, "e2": {"j1": {"nombre": "Mar\u00eda Camila", "apellido": "Osorio Serrano", "inicial_nombre": null, "inicial_apellido": null}, "j2": null}, "odds1": {"numerator": 31, "denominator": 20}, "odds2": {"numerator": 12, "denominator": 5}, "dobles": false}, {"timestamp": 1675083600, "e1": {"j1": {"nombre": "Linda", "apellido": "Noskova", "inicial_nombre": null, "inicial_apellido": null}, "j2": null}, "e2": {"j1": {"nombre": "Garbi\u00f1e", "apellido": "Muguruza", "inicial_nombre": null, "inicial_apellido": null}, "j2": null}, "odds1": {"numerator": 11, "denominator": 7}, "odds2": {"numerator": 19, "denominator": 8}, "dobles": false}, {"timestamp": 1675096200, "e1": {"j1": {"nombre": "Kristina", "apellido": "Mladenovic", "inicial_nombre": null, "inicial_apellido": null}, "j2": null}, "e2": {"j1": {"nombre": "Petra", "apellido": "Martic", "inicial_nombre": null, "inicial_apellido": null}, "j2": null}, "odds1": {"numerator": 67, "denominator": 20}, "odds2": {"numerator": 133, "denominator": 100}, "dobles": false}, {"timestamp": 1675100700, "e1": {"j1": {"nombre": "Olga", "apellido": "Danilovic", "inicial_nombre": null, "inicial_apellido": null}, "j2": null}, "e2": {"j1": {"nombre": "Jule", "apellido": "Niemeier", "inicial_nombre": null, "inicial_apellido": null}, "j2": null}, "odds1": {"numerator": 14, "denominator": 5}, "odds2": {"numerator": 36, "denominator": 25}, "dobles": false}, {"timestamp": 1675083600, "e1": {"j1": {"nombre": null, "apellido": "Brengle", "inicial_nombre": "M", "inicial_apellido": null}, "j2": {"nombre": null, "apellido": "Hesse", "inicial_nombre": "A", "inicial_apellido": null}}, "e2": {"j1": {"nombre": null, "apellido": "Bogdan", "inicial_nombre": "A", "inicial_apellido": null}, "j2": {"nombre": null, "apellido": "Kovinic", "inicial_nombre": "D", "inicial_apellido": null}}, "odds1": {"numerator": 9, "denominator": 4}, "odds2": {"numerator": 8, "denominator": 5}, "dobles": false}, {"timestamp": 1675092600, "e1": {"j1": {"nombre": null, "apellido": "Detiuc", "inicial_nombre": "A", "inicial_apellido": null}, "j2": {"nombre": null, "apellido": "Maleckova", "inicial_nombre": "J", "inicial_apellido": null}}, "e2": {"j1": {"nombre": null, "apellido": "Barnett", "inicial_nombre": "A", "inicial_apellido": null}, "j2": {"nombre": null, "apellido": "Dzalamidze", "inicial_nombre": "N", "inicial_apellido": null}}, "odds1": {"numerator": 23, "denominator": 10}, "odds2": {"numerator": 8, "denominator": 5}, "dobles": false}, {"timestamp": 1675094400, "e1": {"j1": {"nombre": "Nuria", "apellido": "Brancaccio", "inicial_nombre": null, "inicial_apellido": null}, "j2": null}, "e2": {"j1": {"nombre": "Julia", "apellido": "Riera", "inicial_nombre": null, "inicial_apellido": null}, "j2": null}, "odds1": {"numerator": 3, "denominator": 2}, "odds2": {"numerator": 51, "denominator": 20}, "dobles": false}, {"timestamp": 1675094400, "e1": {"j1": {"nombre": "Weronika", "apellido": "Falkowska", "inicial_nombre": null, "inicial_apellido": null}, "j2": null}, "e2": {"j1": {"nombre": "Paula", "apellido": "Ormaechea", "inicial_nombre": null, "inicial_apellido": null}, "j2": null}, "odds1": {"numerator": 17, "denominator": 5}, "odds2": {"numerator": 33, "denominator": 25}, "dobles": false}, {"timestamp": 1675099800, "e1": {"j1": {"nombre": "Gabriela", "apellido": "Ce", "inicial_nombre": null, "inicial_apellido": null}, "j2": null}, "e2": {"j1": {"nombre": "Laura", "apellido": "Pigossi", "inicial_nombre": null, "inicial_apellido": null}, "j2": null}, "odds1": {"numerator": 69, "denominator": 20}, "odds2": {"numerator": 13, "denominator": 10}, "dobles": false}, {"timestamp": 1675047600, "e1": {"j1": {"nombre": "Adam", "apellido": "Walton", "inicial_nombre": null, "inicial_apellido": null}, "j2": null}, "e2": {"j1": {"nombre": "Yuki", "apellido": "Mochizuki", "inicial_nombre": null, "inicial_apellido": null}, "j2": null}, "odds1": {"numerator": 13, "denominator": 10}, "odds2": {"numerator": 17, "denominator": 5}, "dobles": false}, {"timestamp": 1675047600, "e1": {"j1": {"nombre": "Tristan", "apellido": "Schoolkate", "inicial_nombre": null, "inicial_apellido": null}, "j2": null}, "e2": {"j1": {"nombre": "Rio", "apellido": "Noguchi", "inicial_nombre": null, "inicial_apellido": null}, "j2": null}, "odds1": {"numerator": 3, "denominator": 2}, "odds2": {"numerator": 5, "denominator": 2}, "dobles": false}, {"timestamp": 1675047600, "e1": {"j1": {"nombre": "Yasutaka", "apellido": "Uchiyama", "inicial_nombre": null, "inicial_apellido": null}, "j2": null}, "e2": {"j1": {"nombre": "Thomas", "apellido": "Fancutt", "inicial_nombre": null, "inicial_apellido": null}, "j2": null}, "odds1": {"numerator": 7, "denominator": 6}, "odds2": {"numerator": 9, "denominator": 2}, "dobles": false}, {"timestamp": 1675047600, "e1": {"j1": {"nombre": "Shuichi", "apellido": "Sekiguchi", "inicial_nombre": null, "inicial_apellido": null}, "j2": null}, "e2": {"j1": {"nombre": "Dane", "apellido": "Sweeny", "inicial_nombre": null, "inicial_apellido": null}, "j2": null}, "odds1": {"numerator": 7, "denominator": 2}, "odds2": {"numerator": 32, "denominator": 25}, "dobles": false}, {"timestamp": 1675054800, "e1": {"j1": {"nombre": "Maxime", "apellido": "Chazal", "inicial_nombre": null, "inicial_apellido": null}, "j2": null}, "e2": {"j1": {"nombre": "Yuta", "apellido": "Shimizu", "inicial_nombre": null, "inicial_apellido": null}, "j2": null}, "odds1": {"numerator": 53, "denominator": 20}, "odds2": {"numerator": 13, "denominator": 9}, "dobles": false}, {"timestamp": 1675060200, "e1": {"j1": {"nombre": "Max", "apellido": "Purcell", "inicial_nombre": null, "inicial_apellido": null}, "j2": null}, "e2": {"j1": {"nombre": "Alex", "apellido": "Bolt", "inicial_nombre": null, "inicial_apellido": null}, "j2": null}, "odds1": {"numerator": 15, "denominator": 11}, "odds2": {"numerator": 29, "denominator": 10}, "dobles": false}, {"timestamp": 1675119600, "e1": {"j1": {"nombre": "James", "apellido": "Duckworth", "inicial_nombre": null, "inicial_apellido": null}, "j2": null}, "e2": {"j1": {"nombre": "Makoto", "apellido": "Ochi", "inicial_nombre": null, "inicial_apellido": null}, "j2": null}, "odds1": {"numerator": 13, "denominator": 12}, "odds2": {"numerator": 7, "denominator": 1}, "dobles": false}, {"timestamp": 1675119600, "e1": {"j1": {"nombre": "Omar", "apellido": "Jasika", "inicial_nombre": null, "inicial_apellido": null}, "j2": null}, "e2": {"j1": {"nombre": "James", "apellido": "McCabe", "inicial_nombre": null, "inicial_apellido": null}, "j2": null}, "odds1": {"numerator": 31, "denominator": 20}, "odds2": {"numerator": 47, "denominator": 20}, "dobles": false}, {"timestamp": 1675119600, "e1": {"j1": {"nombre": "Blake", "apellido": "Ellis", "inicial_nombre": null, "inicial_apellido": null}, "j2": null}, "e2": {"j1": {"nombre": "Luke", "apellido": "Saville", "inicial_nombre": null, "inicial_apellido": null}, "j2": null}, "odds1": {"numerator": 21, "denominator": 10}, "odds2": {"numerator": 17, "denominator": 10}, "dobles": false}, {"timestamp": 1675119600, "e1": {"j1": {"nombre": "Dayne", "apellido": "Kelly", "inicial_nombre": null, "inicial_apellido": null}, "j2": null}, "e2": {"j1": {"nombre": "Naoki", "apellido": "Nakagawa", "inicial_nombre": null, "inicial_apellido": null}, "j2": null}, "odds1": {"numerator": 41, "denominator": 25}, "odds2": {"numerator": 11, "denominator": 5}, "dobles": false}, {"timestamp": 1675087200, "e1": {"j1": {"nombre": "Gijs", "apellido": "Brouwer", "inicial_nombre": null, "inicial_apellido": null}, "j2": null}, "e2": {"j1": {"nombre": "Raphael", "apellido": "Collignon", "inicial_nombre": null, "inicial_apellido": null}, "j2": null}, "odds1": {"numerator": 37, "denominator": 25}, "odds2": {"numerator": 5, "denominator": 2}, "dobles": false}, {"timestamp": 1675087200, "e1": {"j1": {"nombre": "Max Hans", "apellido": "Rehberg", "inicial_nombre": null, "inicial_apellido": null}, "j2": null}, "e2": {"j1": {"nombre": "Alexandre", "apellido": "Muller", "inicial_nombre": null, "inicial_apellido": null}, "j2": null}, "odds1": {"numerator": 11, "denominator": 4}, "odds2": {"numerator": 71, "denominator": 50}, "dobles": false}, {"timestamp": 1675094400, "e1": {"j1": {"nombre": "Lucas", "apellido": "Gerch", "inicial_nombre": null, "inicial_apellido": null}, "j2": null}, "e2": {"j1": {"nombre": "Hugo", "apellido": "Grenier", "inicial_nombre": null, "inicial_apellido": null}, "j2": null}, "odds1": {"numerator": 5, "denominator": 2}, "odds2": {"numerator": 38, "denominator": 25}, "dobles": false}, {"timestamp": 1675098000, "e1": {"j1": {"nombre": "Zhizhen", "apellido": "Zhang", "inicial_nombre": null, "inicial_apellido": null}, "j2": null}, "e2": {"j1": {"nombre": "Henri", "apellido": "Squire", "inicial_nombre": null, "inicial_apellido": null}, "j2": null}, "odds1": {"numerator": 27, "denominator": 20}, "odds2": {"numerator": 3, "denominator": 1}, "dobles": false}, {"timestamp": 1675101600, "e1": {"j1": {"nombre": "Zdenek", "apellido": "Kolar", "inicial_nombre": null, "inicial_apellido": null}, "j2": null}, "e2": {"j1": {"nombre": "Antoine", "apellido": "Bellier", "inicial_nombre": null, "inicial_apellido": null}, "j2": null}, "odds1": {"numerator": 23, "denominator": 10}, "odds2": {"numerator": 8, "denominator": 5}, "dobles": false}, {"timestamp": 1675105200, "e1": {"j1": {"nombre": "Liam", "apellido": "Broady", "inicial_nombre": null, "inicial_apellido": null}, "j2": null}, "e2": {"j1": {"nombre": "Robin", "apellido": "Haase", "inicial_nombre": null, "inicial_apellido": null}, "j2": null}, "odds1": {"numerator": 7, "denominator": 5}, "odds2": {"numerator": 57, "denominator": 20}, "dobles": false}, {"timestamp": 1675087200, "e1": {"j1": {"nombre": "Nicolas", "apellido": "Alvarez Varona", "inicial_nombre": null, "inicial_apellido": null}, "j2": null}, "e2": {"j1": {"nombre": "Salvatore", "apellido": "Caruso", "inicial_nombre": null, "inicial_apellido": null}, "j2": null}, "odds1": {"numerator": 47, "denominator": 25}, "odds2": {"numerator": 47, "denominator": 25}, "dobles": false}, {"timestamp": 1675098000, "e1": {"j1": {"nombre": "Santiago Fa", "apellido": "Rodriguez Taverna", "inicial_nombre": null, "inicial_apellido": null}, "j2": null}, "e2": {"j1": {"nombre": "Benoit", "apellido": "Paire", "inicial_nombre": null, "inicial_apellido": null}, "j2": null}, "odds1": {"numerator": 53, "denominator": 20}, "odds2": {"numerator": 13, "denominator": 9}, "dobles": false}, {"timestamp": 1675062000, "e1": {"j1": {"nombre": "Katie", "apellido": "Boulter", "inicial_nombre": null, "inicial_apellido": null}, "j2": null}, "e2": {"j1": {"nombre": "Su Jeong", "apellido": "Jang", "inicial_nombre": null, "inicial_apellido": null}, "j2": null}, "odds1": {"numerator": 5, "denominator": 4}, "odds2": {"numerator": 39, "denominator": 10}, "dobles": false}, {"timestamp": 1675062000, "e1": {"j1": {"nombre": "Ysaline", "apellido": "Bonaventure", "inicial_nombre": null, "inicial_apellido": null}, "j2": null}, "e2": {"j1": {"nombre": "Lesia", "apellido": "Tsurenko", "inicial_nombre": null, "inicial_apellido": null}, "j2": null}, "odds1": {"numerator": 12, "denominator": 5}, "odds2": {"numerator": 31, "denominator": 20}, "dobles": false}, {"timestamp": 1675066500, "e1": {"j1": {"nombre": "Xinyu", "apellido": "Wang", "inicial_nombre": null, "inicial_apellido": null}, "j2": null}, "e2": {"j1": {"nombre": "Joanne", "apellido": "Zuger", "inicial_nombre": null, "inicial_apellido": null}, "j2": null}, "odds1": {"numerator": 61, "denominator": 50}, "odds2": {"numerator": 22, "denominator": 5}, "dobles": false}, {"timestamp": 1675066500, "e1": {"j1": {"nombre": "Lin", "apellido": "Zhu", "inicial_nombre": null, "inicial_apellido": null}, "j2": null}, "e2": {"j1": {"nombre": "Xiyu", "apellido": "Wang", "inicial_nombre": null, "inicial_apellido": null}, "j2": null}, "odds1": {"numerator": 33, "denominator": 20}, "odds2": {"numerator": 11, "denominator": 5}, "dobles": false}, {"timestamp": 1675071000, "e1": {"j1": {"nombre": "Astra", "apellido": "Sharma", "inicial_nombre": null, "inicial_apellido": null}, "j2": null}, "e2": {"j1": {"nombre": "Tamara", "apellido": "Zidansek", "inicial_nombre": null, "inicial_apellido": null}, "j2": null}, "odds1": {"numerator": 9, "denominator": 4}, "odds2": {"numerator": 21, "denominator": 13}, "dobles": false}, {"timestamp": 1675078200, "e1": {"j1": {"nombre": "Lanlana", "apellido": "Tararudee", "inicial_nombre": null, "inicial_apellido": null}, "j2": null}, "e2": {"j1": {"nombre": "Mirjam", "apellido": "Bjorklund", "inicial_nombre": null, "inicial_apellido": null}, "j2": null}, "odds1": {"numerator": 49, "denominator": 20}, "odds2": {"numerator": 31, "denominator": 20}, "dobles": false}, {"timestamp": 1675105200, "e1": {"j1": {"nombre": "Keegan", "apellido": "Smith", "inicial_nombre": null, "inicial_apellido": null}, "j2": null}, "e2": {"j1": {"nombre": "Kyle", "apellido": "Seelig", "inicial_nombre": null, "inicial_apellido": null}, "j2": null}, "odds1": {"numerator": 4, "denominator": 3}, "odds2": {"numerator": 63, "denominator": 20}, "dobles": false}, {"timestamp": 1675105200, "e1": {"j1": {"nombre": "Emilio", "apellido": "Gomez", "inicial_nombre": null, "inicial_apellido": null}, "j2": null}, "e2": {"j1": {"nombre": "Ezekiel", "apellido": "Clark", "inicial_nombre": null, "inicial_apellido": null}, "j2": null}, "odds1": {"numerator": 8, "denominator": 7}, "odds2": {"numerator": 5, "denominator": 1}, "dobles": false}, {"timestamp": 1675110000, "e1": {"j1": {"nombre": "Jack", "apellido": "Pinnington Jones", "inicial_nombre": null, "inicial_apellido": null}, "j2": null}, "e2": {"j1": {"nombre": "Ernesto", "apellido": "Escobedo", "inicial_nombre": null, "inicial_apellido": null}, "j2": null}, "odds1": {"numerator": 27, "denominator": 10}, "odds2": {"numerator": 36, "denominator": 25}, "dobles": false}, {"timestamp": 1675114800, "e1": {"j1": {"nombre": "Alex", "apellido": "Rybakov", "inicial_nombre": null, "inicial_apellido": null}, "j2": null}, "e2": {"j1": {"nombre": "Aleksandar", "apellido": "Kovacevic", "inicial_nombre": null, "inicial_apellido": null}, "j2": null}, "odds1": {"numerator": 14, "denominator": 5}, "odds2": {"numerator": 71, "denominator": 50}, "dobles": false}, {"timestamp": 1675123200, "e1": {"j1": {"nombre": "Emiliana", "apellido": "Arango", "inicial_nombre": null, "inicial_apellido": null}, "j2": null}, "e2": {"j1": {"nombre": "Carol", "apellido": "Zhao", "inicial_nombre": null, "inicial_apellido": null}, "j2": null}, "odds1": {"numerator": 38, "denominator": 25}, "odds2": {"numerator": 49, "denominator": 20}, "dobles": false}, {"timestamp": 1675123200, "e1": {"j1": {"nombre": "Renata", "apellido": "Zarazua", "inicial_nombre": null, "inicial_apellido": null}, "j2": null}, "e2": {"j1": {"nombre": "Jessie", "apellido": "Aney", "inicial_nombre": null, "inicial_apellido": null}, "j2": null}, "odds1": {"numerator": 15, "denominator": 11}, "odds2": {"numerator": 59, "denominator": 20}, "dobles": false}, {"timestamp": 1675123200, "e1": {"j1": {"nombre": "Jamie", "apellido": "Loeb", "inicial_nombre": null, "inicial_apellido": null}, "j2": null}, "e2": {"j1": {"nombre": "Carole", "apellido": "Monnet", "inicial_nombre": null, "inicial_apellido": null}, "j2": null}, "odds1": {"numerator": 7, "denominator": 5}, "odds2": {"numerator": 23, "denominator": 8}, "dobles": false}, {"timestamp": 1675123200, "e1": {"j1": {"nombre": "Yuliana", "apellido": "Lizarazo", "inicial_nombre": null, "inicial_apellido": null}, "j2": null}, "e2": {"j1": {"nombre": "Whitney", "apellido": "Osuigwe", "inicial_nombre": null, "inicial_apellido": null}, "j2": null}, "odds1": {"numerator": 59, "denominator": 20}, "odds2": {"numerator": 15, "denominator": 11}, "dobles": false}, {"timestamp": 1675123200, "e1": {"j1": {"nombre": "R\u00e9ka-Luca", "apellido": "Jani", "inicial_nombre": null, "inicial_apellido": null}, "j2": null}, "e2": {"j1": {"nombre": "Nadia", "apellido": "Podoroska", "inicial_nombre": null, "inicial_apellido": null}, "j2": null}, "odds1": {"numerator": 17, "denominator": 2}, "odds2": {"numerator": 15, "denominator": 14}, "dobles": false}, {"timestamp": 1675123200, "e1": {"j1": {"nombre": "Katarzyna", "apellido": "Kawa", "inicial_nombre": null, "inicial_apellido": null}, "j2": null}, "e2": {"j1": {"nombre": "Aliona", "apellido": "Bolsova Zadoinov", "inicial_nombre": null, "inicial_apellido": null}, "j2": null}, "odds1": {"numerator": 5, "denominator": 2}, "odds2": {"numerator": 38, "denominator": 25}, "dobles": false}, {"timestamp": 1675123200, "e1": {"j1": {"nombre": "Hailey", "apellido": "Baptiste", "inicial_nombre": null, "inicial_apellido": null}, "j2": null}, "e2": {"j1": {"nombre": "Elvina", "apellido": "Kalieva", "inicial_nombre": null, "inicial_apellido": null}, "j2": null}, "odds1": {"numerator": 21, "denominator": 13}, "odds2": {"numerator": 9, "denominator": 4}, "dobles": false}, {"timestamp": 1675123200, "e1": {"j1": {"nombre": "Maria", "apellido": "Herazo Gonzalez", "inicial_nombre": null, "inicial_apellido": null}, "j2": null}, "e2": {"j1": {"nombre": "Valeriya", "apellido": "Strakhova", "inicial_nombre": null, "inicial_apellido": null}, "j2": null}, "odds1": {"numerator": 13, "denominator": 9}, "odds2": {"numerator": 53, "denominator": 20}, "dobles": false}, {"timestamp": 1675148400, "e1": {"j1": {"nombre": "Wang", "apellido": "Xinyu", "inicial_nombre": null, "inicial_apellido": null}, "j2": {"nombre": "Zhu", "apellido": "Lin", "inicial_nombre": null, "inicial_apellido": null}}, "e2": {"j1": {"nombre": null, "apellido": "Kostyuk", "inicial_nombre": "M", "inicial_apellido": null}, "j2": {"nombre": "E G", "apellido": "Ruse", "inicial_nombre": null, "inicial_apellido": null}}, "odds1": {"numerator": 18, "denominator": 5}, "odds2": {"numerator": 32, "denominator": 25}, "dobles": false}, {"timestamp": 1675148400, "e1": {"j1": {"nombre": null, "apellido": "Routliffe", "inicial_nombre": "E", "inicial_apellido": null}, "j2": {"nombre": "Wang", "apellido": "Xiyu", "inicial_nombre": null, "inicial_apellido": null}}, "e2": {"j1": {"nombre": "Chan", "apellido": "Hao-Ching", "inicial_nombre": null, "inicial_apellido": null}, "j2": {"nombre": "Wu", "apellido": "Fang-Hsien", "inicial_nombre": null, "inicial_apellido": null}}, "odds1": {"numerator": 9, "denominator": 4}, "odds2": {"numerator": 21, "denominator": 13}, "dobles": false}, {"timestamp": 1675161000, "e1": {"j1": {"nombre": "Madison", "apellido": "Brengle", "inicial_nombre": null, "inicial_apellido": null}, "j2": null}, "e2": {"j1": {"nombre": "Shuai", "apellido": "Zhang", "inicial_nombre": null, "inicial_apellido": null}, "j2": null}, "odds1": {"numerator": 51, "denominator": 20}, "odds2": {"numerator": 38, "denominator": 25}, "dobles": false}, {"timestamp": 1675161000, "e1": {"j1": {"nombre": "Alison", "apellido": "Van Uytvanck", "inicial_nombre": null, "inicial_apellido": null}, "j2": null}, "e2": {"j1": {"nombre": "Tamara", "apellido": "Korpatsch", "inicial_nombre": null, "inicial_apellido": null}, "j2": null}, "odds1": {"numerator": 6, "denominator": 5}, "odds2": {"numerator": 23, "denominator": 5}, "dobles": false}, {"timestamp": 1675161000, "e1": {"j1": {"nombre": "Nuria", "apellido": "Parrizas-Diaz", "inicial_nombre": null, "inicial_apellido": null}, "j2": null}, "e2": {"j1": {"nombre": "Anna", "apellido": "Bondar", "inicial_nombre": null, "inicial_apellido": null}, "j2": null}, "odds1": {"numerator": 37, "denominator": 25}, "odds2": {"numerator": 53, "denominator": 20}, "dobles": false}, {"timestamp": 1675161000, "e1": {"j1": {"nombre": "Ana", "apellido": "Bogdan", "inicial_nombre": null, "inicial_apellido": null}, "j2": null}, "e2": {"j1": {"nombre": "Clara", "apellido": "Burel", "inicial_nombre": null, "inicial_apellido": null}, "j2": null}, "odds1": {"numerator": 3, "denominator": 2}, "odds2": {"numerator": 13, "denominator": 5}, "dobles": false}, {"timestamp": 1675161000, "e1": {"j1": {"nombre": "Danka", "apellido": "Kovinic", "inicial_nombre": null, "inicial_apellido": null}, "j2": null}, "e2": {"j1": {"nombre": "Viktorija", "apellido": "Golubic", "inicial_nombre": null, "inicial_apellido": null}, "j2": null}, "odds1": {"numerator": 11, "denominator": 4}, "odds2": {"numerator": 13, "denominator": 9}, "dobles": false}, {"timestamp": 1675161000, "e1": {"j1": {"nombre": "Alycia", "apellido": "Parks", "inicial_nombre": null, "inicial_apellido": null}, "j2": null}, "e2": {"j1": {"nombre": "Julia", "apellido": "Grabher", "inicial_nombre": null, "inicial_apellido": null}, "j2": null}, "odds1": {"numerator": 7, "denominator": 6}, "odds2": {"numerator": 21, "denominator": 4}, "dobles": false}, {"timestamp": 1675161000, "e1": {"j1": {"nombre": "Caroline", "apellido": "Garcia", "inicial_nombre": null, "inicial_apellido": null}, "j2": null}, "e2": {"j1": {"nombre": "Tereza", "apellido": "Martincova", "inicial_nombre": null, "inicial_apellido": null}, "j2": null}, "odds1": {"numerator": 7, "denominator": 6}, "odds2": {"numerator": 5, "denominator": 1}, "dobles": false}, {"timestamp": 1675161000, "e1": {"j1": {"nombre": "Erika", "apellido": "Andreeva", "inicial_nombre": null, "inicial_apellido": null}, "j2": null}, "e2": {"j1": {"nombre": "Anna", "apellido": "Blinkova", "inicial_nombre": null, "inicial_apellido": null}, "j2": null}, "odds1": {"numerator": 47, "denominator": 20}, "odds2": {"numerator": 8, "denominator": 5}, "dobles": false}, {"timestamp": 1675161000, "e1": {"j1": {"nombre": "Rebeka", "apellido": "Masarova", "inicial_nombre": null, "inicial_apellido": null}, "j2": null}, "e2": {"j1": {"nombre": "Jasmine", "apellido": "Paolini", "inicial_nombre": null, "inicial_apellido": null}, "j2": null}, "odds1": {"numerator": 5, "denominator": 3}, "odds2": {"numerator": 109, "denominator": 50}, "dobles": false}, {"timestamp": 1675161000, "e1": {"j1": {"nombre": null, "apellido": "Fomina-Klotz", "inicial_nombre": "A", "inicial_apellido": null}, "j2": {"nombre": null, "apellido": "Jacquemot", "inicial_nombre": "E", "inicial_apellido": null}}, "e2": {"j1": {"nombre": null, "apellido": "Kichenok", "inicial_nombre": "N", "inicial_apellido": null}, "j2": {"nombre": null, "apellido": "Ninomiya", "inicial_nombre": "M", "inicial_apellido": null}}, "odds1": {"numerator": 21, "denominator": 5}, "odds2": {"numerator": 6, "denominator": 5}, "dobles": false}, {"timestamp": 1675161000, "e1": {"j1": {"nombre": null, "apellido": "Heisen", "inicial_nombre": "V", "inicial_apellido": null}, "j2": {"nombre": null, "apellido": "Marozava", "inicial_nombre": "L", "inicial_apellido": null}}, "e2": {"j1": {"nombre": null, "apellido": "Danilovic", "inicial_nombre": "O", "inicial_apellido": null}, "j2": {"nombre": null, "apellido": "Panova", "inicial_nombre": "A", "inicial_apellido": null}}, "odds1": {"numerator": 39, "denominator": 20}, "odds2": {"numerator": 91, "denominator": 50}, "dobles": false}, {"timestamp": 1675161000, "e1": {"j1": {"nombre": null, "apellido": "Bucsa", "inicial_nombre": "C", "inicial_apellido": null}, "j2": {"nombre": null, "apellido": "Schoofs", "inicial_nombre": "B", "inicial_apellido": null}}, "e2": {"j1": {"nombre": null, "apellido": "Kulikov", "inicial_nombre": "A", "inicial_apellido": null}, "j2": {"nombre": null, "apellido": "Gamarra Martins", "inicial_nombre": "I", "inicial_apellido": null}}, "odds1": {"numerator": 47, "denominator": 25}, "odds2": {"numerator": 47, "denominator": 25}, "dobles": false}, {"timestamp": 1675161000, "e1": {"j1": {"nombre": null, "apellido": "Ponchet", "inicial_nombre": "J", "inicial_apellido": null}, "j2": {"nombre": null, "apellido": "Voracova", "inicial_nombre": "R", "inicial_apellido": null}}, "e2": {"j1": {"nombre": null, "apellido": "Christian", "inicial_nombre": "K", "inicial_apellido": null}, "j2": {"nombre": null, "apellido": "Santamaria", "inicial_nombre": "S", "inicial_apellido": null}}, "odds1": {"numerator": 43, "denominator": 20}, "odds2": {"numerator": 5, "denominator": 3}, "dobles": false}, {"timestamp": 1675155600, "e1": {"j1": {"nombre": "Geoffrey", "apellido": "Blancaneaux", "inicial_nombre": null, "inicial_apellido": null}, "j2": null}, "e2": {"j1": {"nombre": "Roman", "apellido": "Safiullin", "inicial_nombre": null, "inicial_apellido": null}, "j2": null}, "odds1": {"numerator": 13, "denominator": 4}, "odds2": {"numerator": 33, "denominator": 25}, "dobles": false}, {"timestamp": 1675155600, "e1": {"j1": {"nombre": "Marko", "apellido": "Topo", "inicial_nombre": null, "inicial_apellido": null}, "j2": null}, "e2": {"j1": {"nombre": "Antoine", "apellido": "Escoffier", "inicial_nombre": null, "inicial_apellido": null}, "j2": null}, "odds1": {"numerator": 67, "denominator": 20}, "odds2": {"numerator": 13, "denominator": 10}, "dobles": false}, {"timestamp": 1675155600, "e1": {"j1": {"nombre": "Daniel", "apellido": "Masur", "inicial_nombre": null, "inicial_apellido": null}, "j2": null}, "e2": {"j1": {"nombre": "Adrian", "apellido": "Andreev", "inicial_nombre": null, "inicial_apellido": null}, "j2": null}, "odds1": {"numerator": 17, "denominator": 10}, "odds2": {"numerator": 21, "denominator": 10}, "dobles": false}, {"timestamp": 1675155600, "e1": {"j1": {"nombre": "Vasek", "apellido": "Pospisil", "inicial_nombre": null, "inicial_apellido": null}, "j2": null}, "e2": {"j1": {"nombre": "Emilio", "apellido": "Nava", "inicial_nombre": null, "inicial_apellido": null}, "j2": null}, "odds1": {"numerator": 13, "denominator": 9}, "odds2": {"numerator": 53, "denominator": 20}, "dobles": false}, {"timestamp": 1675155600, "e1": {"j1": {"nombre": "Luca", "apellido": "Nardi", "inicial_nombre": null, "inicial_apellido": null}, "j2": null}, "e2": {"j1": {"nombre": "Henri", "apellido": "Laaksonen", "inicial_nombre": null, "inicial_apellido": null}, "j2": null}, "odds1": {"numerator": 41, "denominator": 25}, "odds2": {"numerator": 11, "denominator": 5}, "dobles": false}, {"timestamp": 1675159200, "e1": {"j1": {"nombre": "Alexander", "apellido": "Shevchenko", "inicial_nombre": null, "inicial_apellido": null}, "j2": null}, "e2": {"j1": {"nombre": "Oleksii", "apellido": "Krutykh", "inicial_nombre": null, "inicial_apellido": null}, "j2": null}, "odds1": {"numerator": 38, "denominator": 25}, "odds2": {"numerator": 49, "denominator": 20}, "dobles": false}, {"timestamp": 1675159200, "e1": {"j1": {"nombre": "Alessandro", "apellido": "Giannessi", "inicial_nombre": null, "inicial_apellido": null}, "j2": null}, "e2": {"j1": {"nombre": "Matteo", "apellido": "Arnaldi", "inicial_nombre": null, "inicial_apellido": null}, "j2": null}, "odds1": {"numerator": 4, "denominator": 1}, "odds2": {"numerator": 61, "denominator": 50}, "dobles": false}, {"timestamp": 1675159200, "e1": {"j1": {"nombre": "Ryan", "apellido": "Peniston", "inicial_nombre": null, "inicial_apellido": null}, "j2": null}, "e2": {"j1": {"nombre": "Jay", "apellido": "Clarke", "inicial_nombre": null, "inicial_apellido": null}, "j2": null}, "odds1": {"numerator": 15, "denominator": 11}, "odds2": {"numerator": 3, "denominator": 1}, "dobles": false}, {"timestamp": 1675148400, "e1": {"j1": {"nombre": "Elena Gabriela", "apellido": "Ruse", "inicial_nombre": null, "inicial_apellido": null}, "j2": null}, "e2": {"j1": {"nombre": "Na-Lae", "apellido": "Han", "inicial_nombre": null, "inicial_apellido": null}, "j2": null}, "odds1": {"numerator": 31, "denominator": 20}, "odds2": {"numerator": 12, "denominator": 5}, "dobles": false}, {"timestamp": 1675148400, "e1": {"j1": {"nombre": "Bianca Vanessa", "apellido": "Andreescu", "inicial_nombre": null, "inicial_apellido": null}, "j2": null}, "e2": {"j1": {"nombre": "Harriet", "apellido": "Dart", "inicial_nombre": null, "inicial_apellido": null}, "j2": null}, "odds1": {"numerator": 7, "denominator": 6}, "odds2": {"numerator": 26, "denominator": 5}, "dobles": false}, {"timestamp": 1675148400, "e1": {"j1": {"nombre": "Heather", "apellido": "Watson", "inicial_nombre": null, "inicial_apellido": null}, "j2": null}, "e2": {"j1": {"nombre": "Yulia", "apellido": "Putintseva", "inicial_nombre": null, "inicial_apellido": null}, "j2": null}, "odds1": {"numerator": 63, "denominator": 20}, "odds2": {"numerator": 27, "denominator": 20}, "dobles": false}, {"timestamp": 1675148400, "e1": {"j1": {"nombre": "Valeria", "apellido": "Savinykh", "inicial_nombre": null, "inicial_apellido": null}, "j2": null}, "e2": {"j1": {"nombre": "Nao", "apellido": "Hibino", "inicial_nombre": null, "inicial_apellido": null}, "j2": null}, "odds1": {"numerator": 27, "denominator": 10}, "odds2": {"numerator": 13, "denominator": 9}, "dobles": false}, {"timestamp": 1675148400, "e1": {"j1": {"nombre": "En Shuo", "apellido": "Liang", "inicial_nombre": null, "inicial_apellido": null}, "j2": null}, "e2": {"j1": {"nombre": "Marta", "apellido": "Kostyuk", "inicial_nombre": null, "inicial_apellido": null}, "j2": null}, "odds1": {"numerator": 27, "denominator": 4}, "odds2": {"numerator": 10, "denominator": 9}, "dobles": false}, {"timestamp": 1675148400, "e1": {"j1": {"nombre": "Anna Karolina", "apellido": "Schmiedlova", "inicial_nombre": null, "inicial_apellido": null}, "j2": null}, "e2": {"j1": {"nombre": "Anastasia", "apellido": "Zakharova", "inicial_nombre": null, "inicial_apellido": null}, "j2": null}, "odds1": {"numerator": 38, "denominator": 25}, "odds2": {"numerator": 51, "denominator": 20}, "dobles": false}, {"timestamp": 1675148400, "e1": {"j1": {"nombre": "Dayana", "apellido": "Yastremska", "inicial_nombre": null, "inicial_apellido": null}, "j2": null}, "e2": {"j1": {"nombre": "Moyuka", "apellido": "Uchijima", "inicial_nombre": null, "inicial_apellido": null}, "j2": null}, "odds1": {"numerator": 8, "denominator": 5}, "odds2": {"numerator": 47, "denominator": 20}, "dobles": false}, {"timestamp": 1675177200, "e1": {"j1": {"nombre": "Olukayode Alafia Damina", "apellido": "Ayeni", "inicial_nombre": null, "inicial_apellido": null}, "j2": null}, "e2": {"j1": {"nombre": "Gabriel", "apellido": "Diallo", "inicial_nombre": null, "inicial_apellido": null}, "j2": null}, "odds1": {"numerator": 67, "denominator": 20}, "odds2": {"numerator": 13, "denominator": 10}, "dobles": false}, {"timestamp": 1675177200, "e1": {"j1": {"nombre": "Stefan", "apellido": "Kozlov", "inicial_nombre": null, "inicial_apellido": null}, "j2": null}, "e2": {"j1": {"nombre": "Patrick", "apellido": "Kypson", "inicial_nombre": null, "inicial_apellido": null}, "j2": null}, "odds1": {"numerator": 39, "denominator": 20}, "odds2": {"numerator": 91, "denominator": 50}, "dobles": false}, {"timestamp": 1675177200, "e1": {"j1": {"nombre": "Steve", "apellido": "Johnson", "inicial_nombre": null, "inicial_apellido": null}, "j2": null}, "e2": {"j1": {"nombre": "Jonas", "apellido": "Forejtek", "inicial_nombre": null, "inicial_apellido": null}, "j2": null}, "odds1": {"numerator": 33, "denominator": 20}, "odds2": {"numerator": 11, "denominator": 5}, "dobles": false}, {"timestamp": 1675177200, "e1": {"j1": {"nombre": "Alex", "apellido": "Michelsen", "inicial_nombre": null, "inicial_apellido": null}, "j2": null}, "e2": {"j1": {"nombre": "Jack", "apellido": "Sock", "inicial_nombre": null, "inicial_apellido": null}, "j2": null}, "odds1": {"numerator": 7, "denominator": 2}, "odds2": {"numerator": 32, "denominator": 25}, "dobles": false}, {"timestamp": 1675177200, "e1": {"j1": {"nombre": "Evan", "apellido": "Zhu", "inicial_nombre": null, "inicial_apellido": null}, "j2": null}, "e2": {"j1": {"nombre": "Strong", "apellido": "Kirchheimer", "inicial_nombre": null, "inicial_apellido": null}, "j2": null}, "odds1": {"numerator": 39, "denominator": 20}, "odds2": {"numerator": 91, "denominator": 50}, "dobles": false}, {"timestamp": 1675177200, "e1": {"j1": {"nombre": "Elmar", "apellido": "Ejupovic", "inicial_nombre": null, "inicial_apellido": null}, "j2": null}, "e2": {"j1": {"nombre": "Tennys", "apellido": "Sandgren", "inicial_nombre": null, "inicial_apellido": null}, "j2": null}, "odds1": {"numerator": 27, "denominator": 10}, "odds2": {"numerator": 13, "denominator": 9}, "dobles": false}]}