{"timestamp": 1675040087.319802, "web": "williamhill", "DATA": [{"timestamp": 1675094400, "e1": {"j1": {"nombre": "Nuria", "apellido": "Brancaccio", "inicial_nombre": null, "inicial_apellido": null}, "j2": null}, "e2": {"j1": {"nombre": "Julia", "apellido": "Riera", "inicial_nombre": null, "inicial_apellido": null}, "j2": null}, "odds1": {"numerator": 23, "denominator": 15}, "odds2": {"numerator": 19, "denominator": 8}, "dobles": false}, {"timestamp": 1675094400, "e1": {"j1": {"nombre": "Weronika", "apellido": "Falkowska", "inicial_nombre": null, "inicial_apellido": null}, "j2": null}, "e2": {"j1": {"nombre": "Paula", "apellido": "Ormaechea", "inicial_nombre": null, "inicial_apellido": null}, "j2": null}, "odds1": {"numerator": 7, "denominator": 2}, "odds2": {"numerator": 9, "denominator": 7}, "dobles": false}, {"timestamp": 1675099800, "e1": {"j1": {"nombre": "Gabriela", "apellido": "Ce", "inicial_nombre": null, "inicial_apellido": null}, "j2": null}, "e2": {"j1": {"nombre": "Laura", "apellido": "Pigossi", "inicial_nombre": null, "inicial_apellido": null}, "j2": null}, "odds1": {"numerator": 17, "denominator": 5}, "odds2": {"numerator": 13, "denominator": 10}, "dobles": false}, {"timestamp": 1675123200, "e1": {"j1": {"nombre": "Emiliana", "apellido": "Arango", "inicial_nombre": null, "inicial_apellido": null}, "j2": null}, "e2": {"j1": {"nombre": "Carol", "apellido": "Zhao", "inicial_nombre": null, "inicial_apellido": null}, "j2": null}, "odds1": {"numerator": 11, "denominator": 7}, "odds2": {"numerator": 9, "denominator": 4}, "dobles": false}, {"timestamp": 1675123200, "e1": {"j1": {"nombre": "Jamie", "apellido": "Loeb", "inicial_nombre": null, "inicial_apellido": null}, "j2": null}, "e2": {"j1": {"nombre": "Carole", "apellido": "Monnet", "inicial_nombre": null, "inicial_apellido": null}, "j2": null}, "odds1": {"numerator": 7, "denominator": 5}, "odds2": {"numerator": 11, "denominator": 4}, "dobles": false}, {"timestamp": 1675123200, "e1": {"j1": {"nombre": "Katarzyna", "apellido": "Kawa", "inicial_nombre": null, "inicial_apellido": null}, "j2": null}, "e2": {"j1": {"nombre": "Aliona", "apellido": "Bolsova", "inicial_nombre": null, "inicial_apellido": null}, "j2": null}, "odds1": {"numerator": 19, "denominator": 8}, "odds2": {"numerator": 23, "denominator": 15}, "dobles": false}, {"timestamp": 1675123200, "e1": {"j1": {"nombre": "Maria Herazo", "apellido": "Gonzalez", "inicial_nombre": null, "inicial_apellido": null}, "j2": null}, "e2": {"j1": {"nombre": "Valeriya", "apellido": "Strakhova", "inicial_nombre": null, "inicial_apellido": null}, "j2": null}, "odds1": {"numerator": 13, "denominator": 9}, "odds2": {"numerator": 21, "denominator": 8}, "dobles": false}, {"timestamp": 1675123200, "e1": {"j1": {"nombre": "Maria Paulina", "apellido": "Perez-Garcia", "inicial_nombre": null, "inicial_apellido": null}, "j2": null}, "e2": {"j1": {"nombre": "Xiaodi", "apellido": "You", "inicial_nombre": null, "inicial_apellido": null}, "j2": null}, "odds1": {"numerator": 8, "denominator": 1}, "odds2": {"numerator": 17, "denominator": 16}, "dobles": false}, {"timestamp": 1675123200, "e1": {"j1": {"nombre": "Reka-Luca", "apellido": "Jani", "inicial_nombre": null, "inicial_apellido": null}, "j2": null}, "e2": {"j1": {"nombre": "Nadia", "apellido": "Podoroska", "inicial_nombre": null, "inicial_apellido": null}, "j2": null}, "odds1": {"numerator": 13, "denominator": 2}, "odds2": {"numerator": 11, "denominator": 10}, "dobles": false}, {"timestamp": 1675123200, "e1": {"j1": {"nombre": "Renata", "apellido": "Zarazua", "inicial_nombre": null, "inicial_apellido": null}, "j2": null}, "e2": {"j1": {"nombre": "Jessie", "apellido": "Aney", "inicial_nombre": null, "inicial_apellido": null}, "j2": null}, "odds1": {"numerator": 15, "denominator": 11}, "odds2": {"numerator": 3, "denominator": 1}, "dobles": false}, {"timestamp": 1675123200, "e1": {"j1": {"nombre": "Yuliana", "apellido": "Lizarazo", "inicial_nombre": null, "inicial_apellido": null}, "j2": null}, "e2": {"j1": {"nombre": "Whitney", "apellido": "Osuigwe", "inicial_nombre": null, "inicial_apellido": null}, "j2": null}, "odds1": {"numerator": 13, "denominator": 4}, "odds2": {"numerator": 4, "denominator": 3}, "dobles": false}, {"timestamp": 1675074600, "e1": {"j1": {"nombre": "Dalma", "apellido": "Galfi", "inicial_nombre": null, "inicial_apellido": null}, "j2": null}, "e2": {"j1": {"nombre": "Maryna", "apellido": "Zanevska", "inicial_nombre": null, "inicial_apellido": null}, "j2": null}, "odds1": {"numerator": 7, "denominator": 2}, "odds2": {"numerator": 13, "denominator": 10}, "dobles": false}, {"timestamp": 1675080000, "e1": {"j1": {"nombre": "Alize", "apellido": "Cornet", "inicial_nombre": null, "inicial_apellido": null}, "j2": null}, "e2": {"j1": {"nombre": "Maria Camila Osorio", "apellido": "Serrano", "inicial_nombre": null, "inicial_apellido": null}, "j2": null}, "odds1": {"numerator": 11, "denominator": 7}, "odds2": {"numerator": 19, "denominator": 8}, "dobles": false}, {"timestamp": 1675096200, "e1": {"j1": {"nombre": "Kristina", "apellido": "Mladenovic", "inicial_nombre": null, "inicial_apellido": null}, "j2": null}, "e2": {"j1": {"nombre": "Petra", "apellido": "Martic", "inicial_nombre": null, "inicial_apellido": null}, "j2": null}, "odds1": {"numerator": 7, "denominator": 2}, "odds2": {"numerator": 13, "denominator": 10}, "dobles": false}, {"timestamp": 1675123200, "e1": {"j1": {"nombre": "Alison Van", "apellido": "Uytvanck", "inicial_nombre": null, "inicial_apellido": null}, "j2": null}, "e2": {"j1": {"nombre": "Tamara", "apellido": "Korpatsch", "inicial_nombre": null, "inicial_apellido": null}, "j2": null}, "odds1": {"numerator": 6, "denominator": 5}, "odds2": {"numerator": 9, "denominator": 2}, "dobles": false}, {"timestamp": 1675123200, "e1": {"j1": {"nombre": "Alycia", "apellido": "Parks", "inicial_nombre": null, "inicial_apellido": null}, "j2": null}, "e2": {"j1": {"nombre": "Julia", "apellido": "Grabher", "inicial_nombre": null, "inicial_apellido": null}, "j2": null}, "odds1": {"numerator": 7, "denominator": 6}, "odds2": {"numerator": 5, "denominator": 1}, "dobles": false}, {"timestamp": 1675123200, "e1": {"j1": {"nombre": "Ana", "apellido": "Bogdan", "inicial_nombre": null, "inicial_apellido": null}, "j2": null}, "e2": {"j1": {"nombre": "Clara", "apellido": "Burel", "inicial_nombre": null, "inicial_apellido": null}, "j2": null}, "odds1": {"numerator": 13, "denominator": 9}, "odds2": {"numerator": 11, "denominator": 4}, "dobles": false}, {"timestamp": 1675123200, "e1": {"j1": {"nombre": "Caroline", "apellido": "Garcia", "inicial_nombre": null, "inicial_apellido": null}, "j2": null}, "e2": {"j1": {"nombre": "Tereza", "apellido": "Martincova", "inicial_nombre": null, "inicial_apellido": null}, "j2": null}, "odds1": {"numerator": 7, "denominator": 6}, "odds2": {"numerator": 5, "denominator": 1}, "dobles": false}, {"timestamp": 1675123200, "e1": {"j1": {"nombre": "Danka", "apellido": "Kovinic", "inicial_nombre": null, "inicial_apellido": null}, "j2": null}, "e2": {"j1": {"nombre": "Viktorija", "apellido": "Golubic", "inicial_nombre": null, "inicial_apellido": null}, "j2": null}, "odds1": {"numerator": 11, "denominator": 4}, "odds2": {"numerator": 13, "denominator": 9}, "dobles": false}, {"timestamp": 1675123200, "e1": {"j1": {"nombre": "Madison", "apellido": "Brengle", "inicial_nombre": null, "inicial_apellido": null}, "j2": null}, "e2": {"j1": {"nombre": "Shuai", "apellido": "Zhang", "inicial_nombre": null, "inicial_apellido": null}, "j2": null}, "odds1": {"numerator": 5, "denominator": 2}, "odds2": {"numerator": 23, "denominator": 15}, "dobles": false}, {"timestamp": 1675123200, "e1": {"j1": {"nombre": "Nuria P\u00c3\u00a1rrizas", "apellido": "D\u00c3\u00adaz", "inicial_nombre": null, "inicial_apellido": null}, "j2": null}, "e2": {"j1": {"nombre": "Anna", "apellido": "Bondar", "inicial_nombre": null, "inicial_apellido": null}, "j2": null}, "odds1": {"numerator": 3, "denominator": 2}, "odds2": {"numerator": 13, "denominator": 5}, "dobles": false}, {"timestamp": 1675062000, "e1": {"j1": {"nombre": "Katie", "apellido": "Boulter", "inicial_nombre": null, "inicial_apellido": null}, "j2": null}, "e2": {"j1": {"nombre": "Su Jeong", "apellido": "Jang", "inicial_nombre": null, "inicial_apellido": null}, "j2": null}, "odds1": {"numerator": 9, "denominator": 7}, "odds2": {"numerator": 18, "denominator": 5}, "dobles": false}, {"timestamp": 1675062000, "e1": {"j1": {"nombre": "Ysaline", "apellido": "Bonaventure", "inicial_nombre": null, "inicial_apellido": null}, "j2": null}, "e2": {"j1": {"nombre": "Lesia", "apellido": "Tsurenko", "inicial_nombre": null, "inicial_apellido": null}, "j2": null}, "odds1": {"numerator": 11, "denominator": 5}, "odds2": {"numerator": 5, "denominator": 3}, "dobles": false}, {"timestamp": 1675067400, "e1": {"j1": {"nombre": "Lin", "apellido": "Zhu", "inicial_nombre": null, "inicial_apellido": null}, "j2": null}, "e2": {"j1": {"nombre": "Xiyu", "apellido": "Wang", "inicial_nombre": null, "inicial_apellido": null}, "j2": null}, "odds1": {"numerator": 21, "denominator": 13}, "odds2": {"numerator": 23, "denominator": 10}, "dobles": false}, {"timestamp": 1675067400, "e1": {"j1": {"nombre": "Xinyu", "apellido": "Wang", "inicial_nombre": null, "inicial_apellido": null}, "j2": null}, "e2": {"j1": {"nombre": "Joanne", "apellido": "Zuger", "inicial_nombre": null, "inicial_apellido": null}, "j2": null}, "odds1": {"numerator": 11, "denominator": 9}, "odds2": {"numerator": 21, "denominator": 5}, "dobles": false}, {"timestamp": 1675071000, "e1": {"j1": {"nombre": "Astra", "apellido": "Sharma", "inicial_nombre": null, "inicial_apellido": null}, "j2": null}, "e2": {"j1": {"nombre": "Tamara", "apellido": "Zidansek", "inicial_nombre": null, "inicial_apellido": null}, "j2": null}, "odds1": {"numerator": 23, "denominator": 10}, "odds2": {"numerator": 21, "denominator": 13}, "dobles": false}, {"timestamp": 1675078200, "e1": {"j1": {"nombre": "Lanlana", "apellido": "Tararudee", "inicial_nombre": null, "inicial_apellido": null}, "j2": null}, "e2": {"j1": {"nombre": "Mirjam", "apellido": "Bjorklund", "inicial_nombre": null, "inicial_apellido": null}, "j2": null}, "odds1": {"numerator": 23, "denominator": 10}, "odds2": {"numerator": 21, "denominator": 13}, "dobles": false}, {"timestamp": 1675123200, "e1": {"j1": {"nombre": "Alexandra", "apellido": "Eala", "inicial_nombre": null, "inicial_apellido": null}, "j2": null}, "e2": {"j1": {"nombre": "Tatjana", "apellido": "Maria", "inicial_nombre": null, "inicial_apellido": null}, "j2": null}, "odds1": {"numerator": 11, "denominator": 4}, "odds2": {"numerator": 13, "denominator": 9}, "dobles": false}, {"timestamp": 1675123200, "e1": {"j1": {"nombre": "Anna", "apellido": "Kalinskaya", "inicial_nombre": null, "inicial_apellido": null}, "j2": null}, "e2": {"j1": {"nombre": "Ekaterina", "apellido": "Makarova", "inicial_nombre": null, "inicial_apellido": null}, "j2": null}, "odds1": {"numerator": 13, "denominator": 12}, "odds2": {"numerator": 15, "denominator": 2}, "dobles": false}, {"timestamp": 1675123200, "e1": {"j1": {"nombre": "Anna Karolina", "apellido": "Schmiedlova", "inicial_nombre": null, "inicial_apellido": null}, "j2": null}, "e2": {"j1": {"nombre": "Anastasia", "apellido": "Zakharova", "inicial_nombre": null, "inicial_apellido": null}, "j2": null}, "odds1": {"numerator": 13, "denominator": 9}, "odds2": {"numerator": 11, "denominator": 4}, "dobles": false}, {"timestamp": 1675123200, "e1": {"j1": {"nombre": "Bianca", "apellido": "Andreescu", "inicial_nombre": null, "inicial_apellido": null}, "j2": null}, "e2": {"j1": {"nombre": "Harriet", "apellido": "Dart", "inicial_nombre": null, "inicial_apellido": null}, "j2": null}, "odds1": {"numerator": 6, "denominator": 5}, "odds2": {"numerator": 9, "denominator": 2}, "dobles": false}, {"timestamp": 1675123200, "e1": {"j1": {"nombre": "Dayana", "apellido": "Yastremska", "inicial_nombre": null, "inicial_apellido": null}, "j2": null}, "e2": {"j1": {"nombre": "Moyuka", "apellido": "Uchijima", "inicial_nombre": null, "inicial_apellido": null}, "j2": null}, "odds1": {"numerator": 11, "denominator": 7}, "odds2": {"numerator": 19, "denominator": 8}, "dobles": false}, {"timestamp": 1675123200, "e1": {"j1": {"nombre": "Elena-Gabriela", "apellido": "Ruse", "inicial_nombre": null, "inicial_apellido": null}, "j2": null}, "e2": {"j1": {"nombre": "Na-Lae", "apellido": "Han", "inicial_nombre": null, "inicial_apellido": null}, "j2": null}, "odds1": {"numerator": 5, "denominator": 3}, "odds2": {"numerator": 11, "denominator": 5}, "dobles": false}, {"timestamp": 1675123200, "e1": {"j1": {"nombre": "En-Shuo", "apellido": "Liang", "inicial_nombre": null, "inicial_apellido": null}, "j2": null}, "e2": {"j1": {"nombre": "Marta", "apellido": "Kostyuk", "inicial_nombre": null, "inicial_apellido": null}, "j2": null}, "odds1": {"numerator": 7, "denominator": 1}, "odds2": {"numerator": 11, "denominator": 10}, "dobles": false}, {"timestamp": 1675123200, "e1": {"j1": {"nombre": "Heather", "apellido": "Watson", "inicial_nombre": null, "inicial_apellido": null}, "j2": null}, "e2": {"j1": {"nombre": "Yulia", "apellido": "Putintseva", "inicial_nombre": null, "inicial_apellido": null}, "j2": null}, "odds1": {"numerator": 31, "denominator": 10}, "odds2": {"numerator": 15, "denominator": 11}, "dobles": false}, {"timestamp": 1675123200, "e1": {"j1": {"nombre": "Linda", "apellido": "Fruhvirtova", "inicial_nombre": null, "inicial_apellido": null}, "j2": null}, "e2": {"j1": {"nombre": "Bethanie", "apellido": "Mattek-Sands", "inicial_nombre": null, "inicial_apellido": null}, "j2": null}, "odds1": {"numerator": 11, "denominator": 10}, "odds2": {"numerator": 7, "denominator": 1}, "dobles": false}, {"timestamp": 1675123200, "e1": {"j1": {"nombre": "Valeria", "apellido": "Savinykh", "inicial_nombre": null, "inicial_apellido": null}, "j2": null}, "e2": {"j1": {"nombre": "Nao", "apellido": "Hibino", "inicial_nombre": null, "inicial_apellido": null}, "j2": null}, "odds1": {"numerator": 13, "denominator": 5}, "odds2": {"numerator": 3, "denominator": 2}, "dobles": false}, {"timestamp": 1675062000, "e1": {"j1": {"nombre": null, "apellido": "Chan", "inicial_nombre": null, "inicial_apellido": null}, "j2": {"nombre": null, "apellido": "Guarachi", "inicial_nombre": null, "inicial_apellido": null}}, "e2": {"j1": {"nombre": null, "apellido": "Hibino", "inicial_nombre": null, "inicial_apellido": null}, "j2": {"nombre": null, "apellido": "Khromacheva", "inicial_nombre": null, "inicial_apellido": null}}, "odds1": {"numerator": 3, "denominator": 2}, "odds2": {"numerator": 5, "denominator": 2}, "dobles": true}, {"timestamp": 1675067400, "e1": {"j1": {"nombre": null, "apellido": "Kumkhum", "inicial_nombre": null, "inicial_apellido": null}, "j2": {"nombre": null, "apellido": "Plipuech", "inicial_nombre": null, "inicial_apellido": null}}, "e2": {"j1": {"nombre": null, "apellido": "Dart", "inicial_nombre": null, "inicial_apellido": null}, "j2": {"nombre": null, "apellido": "Watson", "inicial_nombre": null, "inicial_apellido": null}}, "odds1": {"numerator": 3, "denominator": 1}, "odds2": {"numerator": 15, "denominator": 11}, "dobles": true}, {"timestamp": 1675072800, "e1": {"j1": {"nombre": null, "apellido": "Fruhvirtova", "inicial_nombre": null, "inicial_apellido": null}, "j2": {"nombre": null, "apellido": "Kalinskaya", "inicial_nombre": null, "inicial_apellido": null}}, "e2": {"j1": {"nombre": null, "apellido": "Kato", "inicial_nombre": null, "inicial_apellido": null}, "j2": {"nombre": null, "apellido": "Sutjiadi", "inicial_nombre": null, "inicial_apellido": null}}, "odds1": {"numerator": 9, "denominator": 4}, "odds2": {"numerator": 11, "denominator": 7}, "dobles": true}, {"timestamp": 1675123200, "e1": {"j1": {"nombre": null, "apellido": "Perez", "inicial_nombre": null, "inicial_apellido": null}, "j2": {"nombre": null, "apellido": "Zidansek", "inicial_nombre": null, "inicial_apellido": null}}, "e2": {"j1": {"nombre": null, "apellido": "Adamczak", "inicial_nombre": null, "inicial_apellido": null}, "j2": {"nombre": null, "apellido": "Hoek", "inicial_nombre": null, "inicial_apellido": null}}, "odds1": {"numerator": 9, "denominator": 8}, "odds2": {"numerator": 11, "denominator": 2}, "dobles": true}, {"timestamp": 1675123200, "e1": {"j1": {"nombre": null, "apellido": "Routliffe", "inicial_nombre": null, "inicial_apellido": null}, "j2": {"nombre": null, "apellido": "Wang", "inicial_nombre": null, "inicial_apellido": null}}, "e2": {"j1": {"nombre": null, "apellido": "Chan", "inicial_nombre": null, "inicial_apellido": null}, "j2": {"nombre": null, "apellido": "Wu", "inicial_nombre": null, "inicial_apellido": null}}, "odds1": {"numerator": 9, "denominator": 4}, "odds2": {"numerator": 11, "denominator": 7}, "dobles": true}, {"timestamp": 1675123200, "e1": {"j1": {"nombre": null, "apellido": "Han", "inicial_nombre": null, "inicial_apellido": null}, "j2": {"nombre": null, "apellido": "Jang", "inicial_nombre": null, "inicial_apellido": null}}, "e2": {"j1": {"nombre": null, "apellido": "Gabueva", "inicial_nombre": null, "inicial_apellido": null}, "j2": {"nombre": null, "apellido": "Zakharova", "inicial_nombre": null, "inicial_apellido": null}}, "odds1": {"numerator": 11, "denominator": 6}, "odds2": {"numerator": 11, "denominator": 6}, "dobles": true}, {"timestamp": 1675123200, "e1": {"j1": {"nombre": null, "apellido": "Wang", "inicial_nombre": null, "inicial_apellido": null}, "j2": {"nombre": null, "apellido": "Zhu", "inicial_nombre": null, "inicial_apellido": null}}, "e2": {"j1": {"nombre": null, "apellido": "Kostyuk", "inicial_nombre": null, "inicial_apellido": null}, "j2": {"nombre": null, "apellido": "Ruse", "inicial_nombre": null, "inicial_apellido": null}}, "odds1": {"numerator": 7, "denominator": 2}, "odds2": {"numerator": 9, "denominator": 7}, "dobles": true}, {"timestamp": 1675123200, "e1": {"j1": {"nombre": null, "apellido": "Han", "inicial_nombre": null, "inicial_apellido": null}, "j2": {"nombre": null, "apellido": "Mattek-Sands", "inicial_nombre": null, "inicial_apellido": null}}, "e2": {"j1": {"nombre": null, "apellido": "Bonaventure", "inicial_nombre": null, "inicial_apellido": null}, "j2": {"nombre": null, "apellido": "Yashina", "inicial_nombre": null, "inicial_apellido": null}}, "odds1": {"numerator": 7, "denominator": 5}, "odds2": {"numerator": 11, "denominator": 4}, "dobles": true}, {"timestamp": 1675085400, "e1": {"j1": {"nombre": null, "apellido": "Brengle", "inicial_nombre": null, "inicial_apellido": null}, "j2": {"nombre": null, "apellido": "Hesse", "inicial_nombre": null, "inicial_apellido": null}}, "e2": {"j1": {"nombre": null, "apellido": "Bogdan", "inicial_nombre": null, "inicial_apellido": null}, "j2": {"nombre": null, "apellido": "Kovinic", "inicial_nombre": null, "inicial_apellido": null}}, "odds1": {"numerator": 21, "denominator": 10}, "odds2": {"numerator": 5, "denominator": 3}, "dobles": true}, {"timestamp": 1675096200, "e1": {"j1": {"nombre": null, "apellido": "Detiuc", "inicial_nombre": null, "inicial_apellido": null}, "j2": {"nombre": null, "apellido": "Maleckova", "inicial_nombre": null, "inicial_apellido": null}}, "e2": {"j1": {"nombre": null, "apellido": "Barnett", "inicial_nombre": null, "inicial_apellido": null}, "j2": {"nombre": null, "apellido": "Dzalamidze", "inicial_nombre": null, "inicial_apellido": null}}, "odds1": {"numerator": 9, "denominator": 4}, "odds2": {"numerator": 11, "denominator": 7}, "dobles": true}, {"timestamp": 1675123200, "e1": {"j1": {"nombre": null, "apellido": "Fomina-klotz", "inicial_nombre": null, "inicial_apellido": null}, "j2": {"nombre": null, "apellido": "Jacquemot", "inicial_nombre": null, "inicial_apellido": null}}, "e2": {"j1": {"nombre": null, "apellido": "Kichenok", "inicial_nombre": null, "inicial_apellido": null}, "j2": {"nombre": null, "apellido": "Ninomiya", "inicial_nombre": null, "inicial_apellido": null}}, "odds1": {"numerator": 4, "denominator": 1}, "odds2": {"numerator": 11, "denominator": 9}, "dobles": true}, {"timestamp": 1675123200, "e1": {"j1": {"nombre": null, "apellido": "Bucsa", "inicial_nombre": null, "inicial_apellido": null}, "j2": {"nombre": null, "apellido": "Schoofs", "inicial_nombre": null, "inicial_apellido": null}}, "e2": {"j1": {"nombre": null, "apellido": "Kulikov", "inicial_nombre": null, "inicial_apellido": null}, "j2": {"nombre": null, "apellido": "Martins", "inicial_nombre": null, "inicial_apellido": null}}, "odds1": {"numerator": 11, "denominator": 6}, "odds2": {"numerator": 11, "denominator": 6}, "dobles": true}, {"timestamp": 1675123200, "e1": {"j1": {"nombre": null, "apellido": "Voracova", "inicial_nombre": null, "inicial_apellido": null}, "j2": {"nombre": null, "apellido": "Ponchet", "inicial_nombre": null, "inicial_apellido": null}}, "e2": {"j1": {"nombre": null, "apellido": "Santamaria", "inicial_nombre": null, "inicial_apellido": null}, "j2": {"nombre": null, "apellido": "Christian", "inicial_nombre": null, "inicial_apellido": null}}, "odds1": {"numerator": 21, "denominator": 10}, "odds2": {"numerator": 5, "denominator": 3}, "dobles": true}, {"timestamp": 1675123200, "e1": {"j1": {"nombre": null, "apellido": "Golubic", "inicial_nombre": null, "inicial_apellido": null}, "j2": {"nombre": null, "apellido": "Niculescu", "inicial_nombre": null, "inicial_apellido": null}}, "e2": {"j1": {"nombre": null, "apellido": "Eikeri", "inicial_nombre": null, "inicial_apellido": null}, "j2": {"nombre": null, "apellido": "Blinkova", "inicial_nombre": null, "inicial_apellido": null}}, "odds1": {"numerator": 11, "denominator": 7}, "odds2": {"numerator": 9, "denominator": 4}, "dobles": true}, {"timestamp": 1675123200, "e1": {"j1": {"nombre": null, "apellido": "Heisen", "inicial_nombre": null, "inicial_apellido": null}, "j2": {"nombre": null, "apellido": "Marozava", "inicial_nombre": null, "inicial_apellido": null}}, "e2": {"j1": {"nombre": null, "apellido": "Danilovic", "inicial_nombre": null, "inicial_apellido": null}, "j2": {"nombre": null, "apellido": "Panova", "inicial_nombre": null, "inicial_apellido": null}}, "odds1": {"numerator": 21, "denominator": 11}, "odds2": {"numerator": 9, "denominator": 5}, "dobles": true}, {"timestamp": 1675087200, "e1": {"j1": {"nombre": "Cedrik-Marcel", "apellido": "Stebe", "inicial_nombre": null, "inicial_apellido": null}, "j2": null}, "e2": {"j1": {"nombre": "Filip", "apellido": "Misolic", "inicial_nombre": null, "inicial_apellido": null}, "j2": null}, "odds1": {"numerator": 21, "denominator": 11}, "odds2": {"numerator": 9, "denominator": 5}, "dobles": false}, {"timestamp": 1675090800, "e1": {"j1": {"nombre": "Francesco", "apellido": "Passaro", "inicial_nombre": null, "inicial_apellido": null}, "j2": null}, "e2": {"j1": {"nombre": "Yaroslav", "apellido": "Demin", "inicial_nombre": null, "inicial_apellido": null}, "j2": null}, "odds1": {"numerator": 21, "denominator": 20}, "odds2": {"numerator": 9, "denominator": 1}, "dobles": false}, {"timestamp": 1675094400, "e1": {"j1": {"nombre": "Nicol\u00c3\u00a1s \u00c3\u0081lvarez", "apellido": "Varona", "inicial_nombre": null, "inicial_apellido": null}, "j2": null}, "e2": {"j1": {"nombre": "Salvatore", "apellido": "Caruso", "inicial_nombre": null, "inicial_apellido": null}, "j2": null}, "odds1": {"numerator": 11, "denominator": 6}, "odds2": {"numerator": 11, "denominator": 6}, "dobles": false}, {"timestamp": 1675098000, "e1": {"j1": {"nombre": "Santiago Fa Rodriguez", "apellido": "Taverna", "inicial_nombre": null, "inicial_apellido": null}, "j2": null}, "e2": {"j1": {"nombre": "Benoit", "apellido": "Paire", "inicial_nombre": null, "inicial_apellido": null}, "j2": null}, "odds1": {"numerator": 11, "denominator": 4}, "odds2": {"numerator": 7, "denominator": 5}, "dobles": false}, {"timestamp": 1675047600, "e1": {"j1": {"nombre": "Adam", "apellido": "Walton", "inicial_nombre": null, "inicial_apellido": null}, "j2": null}, "e2": {"j1": {"nombre": "Yuki", "apellido": "Mochizuki", "inicial_nombre": null, "inicial_apellido": null}, "j2": null}, "odds1": {"numerator": 13, "denominator": 10}, "odds2": {"numerator": 17, "denominator": 5}, "dobles": false}, {"timestamp": 1675047600, "e1": {"j1": {"nombre": "Shuichi", "apellido": "Sekiguchi", "inicial_nombre": null, "inicial_apellido": null}, "j2": null}, "e2": {"j1": {"nombre": "Dane", "apellido": "Sweeny", "inicial_nombre": null, "inicial_apellido": null}, "j2": null}, "odds1": {"numerator": 17, "denominator": 5}, "odds2": {"numerator": 13, "denominator": 10}, "dobles": false}, {"timestamp": 1675047600, "e1": {"j1": {"nombre": "Tristan", "apellido": "Schoolkate", "inicial_nombre": null, "inicial_apellido": null}, "j2": null}, "e2": {"j1": {"nombre": "Rio", "apellido": "Noguchi", "inicial_nombre": null, "inicial_apellido": null}, "j2": null}, "odds1": {"numerator": 3, "denominator": 2}, "odds2": {"numerator": 5, "denominator": 2}, "dobles": false}]}